/*
SQLyog Professional v10.42 
MySQL - 5.5.34 : Database - k1257545_duta_resto
*********************************************************************
*/

/*!40101 SET NAMES utf8 */;

/*!40101 SET SQL_MODE=''*/;

/*!40014 SET @OLD_UNIQUE_CHECKS=@@UNIQUE_CHECKS, UNIQUE_CHECKS=0 */;
/*!40014 SET @OLD_FOREIGN_KEY_CHECKS=@@FOREIGN_KEY_CHECKS, FOREIGN_KEY_CHECKS=0 */;
/*!40101 SET @OLD_SQL_MODE=@@SQL_MODE, SQL_MODE='NO_AUTO_VALUE_ON_ZERO' */;
/*!40111 SET @OLD_SQL_NOTES=@@SQL_NOTES, SQL_NOTES=0 */;
/*Table structure for table `tr_adjustdt` */

DROP TABLE IF EXISTS `tr_adjustdt`;

CREATE TABLE `tr_adjustdt` (
  `cIdAdjustDt` int(11) NOT NULL AUTO_INCREMENT,
  `cIdAdjust` int(11) DEFAULT NULL,
  `cNoAdjust` varchar(30) DEFAULT NULL,
  `dTglAdjust` datetime DEFAULT NULL,
  `cKdBarang` varchar(30) DEFAULT NULL,
  `nQtyAdjust` decimal(9,2) DEFAULT NULL,
  `cSatuan` char(3) DEFAULT NULL,
  PRIMARY KEY (`cIdAdjustDt`)
) ENGINE=MyISAM AUTO_INCREMENT=6 DEFAULT CHARSET=latin1;

/*Data for the table `tr_adjustdt` */

insert  into `tr_adjustdt`(`cIdAdjustDt`,`cIdAdjust`,`cNoAdjust`,`dTglAdjust`,`cKdBarang`,`nQtyAdjust`,`cSatuan`) values (1,3,'00001ADJHO0315','2015-03-28 00:00:00','12133',10.00,'PCS'),(2,4,'00001ADJHO0415','2015-01-01 00:00:00','12133',100.00,'PCS'),(3,4,'00001ADJHO0415','2015-01-01 00:00:00','R0003',200.00,'PCS'),(4,4,'00001ADJHO0415','2015-01-01 00:00:00','R0004',300.00,'PCS'),(5,4,'00001ADJHO0415','2015-01-01 00:00:00','R0005',100.00,'PCS');

/*Table structure for table `tr_adjusthd` */

DROP TABLE IF EXISTS `tr_adjusthd`;

CREATE TABLE `tr_adjusthd` (
  `cIdAdjust` int(11) NOT NULL AUTO_INCREMENT,
  `cNoAdjust` varchar(30) DEFAULT NULL,
  `dTglAdjust` datetime DEFAULT NULL,
  `cJenis` char(1) DEFAULT NULL,
  `cKeterangan` varchar(250) DEFAULT NULL,
  `cStatus` char(1) DEFAULT NULL,
  `cKdEntity` varchar(3) DEFAULT NULL,
  `cUserCreated` int(11) DEFAULT NULL,
  `dDateCreated` datetime DEFAULT NULL,
  `cUserModify` int(11) DEFAULT NULL,
  `dDateModify` datetime DEFAULT NULL,
  PRIMARY KEY (`cIdAdjust`)
) ENGINE=MyISAM AUTO_INCREMENT=5 DEFAULT CHARSET=latin1;

/*Data for the table `tr_adjusthd` */

insert  into `tr_adjusthd`(`cIdAdjust`,`cNoAdjust`,`dTglAdjust`,`cJenis`,`cKeterangan`,`cStatus`,`cKdEntity`,`cUserCreated`,`dDateCreated`,`cUserModify`,`dDateModify`) values (3,'00001ADJHO0315','2015-03-28 00:00:00','1','test','O',NULL,1,'2015-03-28 16:06:15',1,'2015-03-28 16:06:15'),(4,'00001ADJHO0415','2015-01-01 00:00:00','1','balance stock','O',NULL,1,'2015-04-03 12:40:22',1,'2015-04-03 12:40:22');

/*Table structure for table `tr_appaymentdt` */

DROP TABLE IF EXISTS `tr_appaymentdt`;

CREATE TABLE `tr_appaymentdt` (
  `cIdAPPayDt` int(11) NOT NULL AUTO_INCREMENT,
  `cIdAPPay` int(11) DEFAULT NULL,
  `cIdPO` int(11) DEFAULT NULL,
  `cNoPay` varchar(30) DEFAULT NULL,
  `dTglPay` datetime DEFAULT NULL,
  `cNoPO` varchar(30) DEFAULT NULL,
  `dTglPO` datetime DEFAULT NULL,
  `nTotalInv` decimal(18,2) DEFAULT NULL,
  `nPayment` decimal(18,2) DEFAULT NULL,
  PRIMARY KEY (`cIdAPPayDt`)
) ENGINE=MyISAM AUTO_INCREMENT=9 DEFAULT CHARSET=latin1;

/*Data for the table `tr_appaymentdt` */

/*Table structure for table `tr_appaymenthd` */

DROP TABLE IF EXISTS `tr_appaymenthd`;

CREATE TABLE `tr_appaymenthd` (
  `cIdAPPay` int(11) NOT NULL AUTO_INCREMENT,
  `cNoPay` varchar(30) DEFAULT NULL,
  `dTglPay` datetime DEFAULT NULL,
  `cKdSupplier` char(10) DEFAULT NULL,
  `nTotalPay` decimal(18,2) DEFAULT NULL,
  `cNoVoucher` varchar(30) DEFAULT NULL,
  `cKeterangan` varchar(250) DEFAULT NULL,
  `cStatus` char(1) DEFAULT NULL,
  `cKdEntity` varchar(3) DEFAULT NULL,
  `cUserCreated` int(11) DEFAULT NULL,
  `dDateCreated` datetime DEFAULT NULL,
  `cUserModify` int(11) DEFAULT NULL,
  `dDateModify` datetime DEFAULT NULL,
  PRIMARY KEY (`cIdAPPay`)
) ENGINE=MyISAM AUTO_INCREMENT=7 DEFAULT CHARSET=latin1;

/*Data for the table `tr_appaymenthd` */

/*Table structure for table `tr_appodt` */

DROP TABLE IF EXISTS `tr_appodt`;

CREATE TABLE `tr_appodt` (
  `cIdPODt` int(11) NOT NULL AUTO_INCREMENT,
  `cIdPO` int(11) DEFAULT NULL,
  `cNoPO` varchar(30) DEFAULT NULL,
  `dTglPO` datetime DEFAULT NULL,
  `cKdBarang` varchar(30) DEFAULT NULL,
  `nQtyBeli` decimal(9,2) DEFAULT NULL,
  `cSatuan` char(3) DEFAULT NULL,
  `nHarga` decimal(18,2) DEFAULT NULL,
  `nTotalHarga` decimal(18,2) DEFAULT NULL,
  PRIMARY KEY (`cIdPODt`)
) ENGINE=MyISAM AUTO_INCREMENT=15 DEFAULT CHARSET=latin1;

/*Data for the table `tr_appodt` */

insert  into `tr_appodt`(`cIdPODt`,`cIdPO`,`cNoPO`,`dTglPO`,`cKdBarang`,`nQtyBeli`,`cSatuan`,`nHarga`,`nTotalHarga`) values (14,8,'00006POHO0315','2015-03-29 00:00:00','R0001',3.00,'GRM',20000.00,60000.00);

/*Table structure for table `tr_appohd` */

DROP TABLE IF EXISTS `tr_appohd`;

CREATE TABLE `tr_appohd` (
  `cIdPO` int(11) NOT NULL AUTO_INCREMENT,
  `cNoPO` varchar(30) DEFAULT NULL,
  `dTglPO` datetime DEFAULT NULL,
  `cKdSupplier` char(10) DEFAULT NULL,
  `cJenisPay` char(1) DEFAULT NULL,
  `cTermPay` int(11) DEFAULT NULL,
  `dTglJT` date DEFAULT NULL,
  `nTotal` decimal(18,2) DEFAULT NULL,
  `cPajak` char(1) DEFAULT NULL,
  `nPersPajak` decimal(9,2) DEFAULT NULL,
  `nPajak` decimal(18,2) DEFAULT NULL,
  `nPersDiskon` decimal(9,2) DEFAULT NULL,
  `nDiskon` decimal(18,2) DEFAULT NULL,
  `nBiayaLain` decimal(18,2) DEFAULT NULL,
  `nGrandTotal` decimal(18,2) DEFAULT NULL,
  `nTotalPay` decimal(18,2) DEFAULT '0.00',
  `cKeterangan` text,
  `cStatus` char(1) DEFAULT NULL,
  `cKdEntity` varchar(3) DEFAULT NULL,
  `cUserCreated` int(11) DEFAULT NULL,
  `dDateCreated` datetime DEFAULT NULL,
  `cUserModify` int(11) DEFAULT NULL,
  `dDateModify` datetime DEFAULT NULL,
  PRIMARY KEY (`cIdPO`)
) ENGINE=MyISAM AUTO_INCREMENT=9 DEFAULT CHARSET=latin1;

/*Data for the table `tr_appohd` */

insert  into `tr_appohd`(`cIdPO`,`cNoPO`,`dTglPO`,`cKdSupplier`,`cJenisPay`,`cTermPay`,`dTglJT`,`nTotal`,`cPajak`,`nPersPajak`,`nPajak`,`nPersDiskon`,`nDiskon`,`nBiayaLain`,`nGrandTotal`,`nTotalPay`,`cKeterangan`,`cStatus`,`cKdEntity`,`cUserCreated`,`dDateCreated`,`cUserModify`,`dDateModify`) values (8,'00006POHO0315','2015-03-29 00:00:00','S0001','K',-1,'2015-03-28',60000.00,'F',0.00,0.00,0.00,0.00,0.00,60000.00,0.00,'','O',NULL,1,'2015-03-28 21:51:55',1,'2015-03-28 21:53:46');

/*Table structure for table `tr_apreturdt` */

DROP TABLE IF EXISTS `tr_apreturdt`;

CREATE TABLE `tr_apreturdt` (
  `cIdReturDt` int(11) NOT NULL AUTO_INCREMENT,
  `cIdRetur` int(11) DEFAULT NULL,
  `cIdPODt` int(11) DEFAULT NULL,
  `cIdPO` int(11) DEFAULT NULL,
  `cNoRetur` varchar(30) DEFAULT NULL,
  `dTglRetur` datetime DEFAULT NULL,
  `cNoPO` varchar(30) DEFAULT NULL,
  `dTglPO` datetime DEFAULT NULL,
  `cKdBarang` varchar(30) DEFAULT NULL,
  `nQtyRetur` decimal(9,2) DEFAULT NULL,
  `cSatuan` char(3) DEFAULT NULL,
  PRIMARY KEY (`cIdReturDt`)
) ENGINE=MyISAM AUTO_INCREMENT=6 DEFAULT CHARSET=latin1;

/*Data for the table `tr_apreturdt` */

/*Table structure for table `tr_apreturhd` */

DROP TABLE IF EXISTS `tr_apreturhd`;

CREATE TABLE `tr_apreturhd` (
  `cIdRetur` int(11) NOT NULL AUTO_INCREMENT,
  `cIdPO` int(11) DEFAULT NULL,
  `cNoPO` varchar(30) DEFAULT NULL,
  `dTglPO` datetime DEFAULT NULL,
  `cNoRetur` varchar(30) DEFAULT NULL,
  `dTglRetur` datetime DEFAULT NULL,
  `cKdSupplier` char(10) DEFAULT NULL,
  `cKeterangan` text,
  `cStatus` char(1) DEFAULT NULL,
  `cKdEntity` varchar(3) DEFAULT NULL,
  `cUserCreated` int(11) DEFAULT NULL,
  `dDateCreated` datetime DEFAULT NULL,
  `cUserModify` int(11) DEFAULT NULL,
  `dDateModify` datetime DEFAULT NULL,
  PRIMARY KEY (`cIdRetur`)
) ENGINE=MyISAM AUTO_INCREMENT=4 DEFAULT CHARSET=latin1;

/*Data for the table `tr_apreturhd` */

/*Table structure for table `tr_bookinghd` */

DROP TABLE IF EXISTS `tr_bookinghd`;

CREATE TABLE `tr_bookinghd` (
  `cKdBooking` varchar(30) NOT NULL,
  `dTglBooking` datetime DEFAULT NULL,
  `dJamBooking` time DEFAULT NULL,
  `cKdCustomer` char(10) DEFAULT NULL,
  `vAtasNama` varchar(150) DEFAULT NULL,
  `vNoTelp` varchar(15) DEFAULT NULL,
  `vJmlTamu` int(11) DEFAULT NULL,
  `vUangMuka` decimal(18,2) DEFAULT NULL,
  `cKeterangan` text,
  `cStatus` char(1) DEFAULT NULL,
  `cKdEntity` varchar(3) DEFAULT NULL,
  `cUserCreated` int(11) DEFAULT NULL,
  `dDateCreated` datetime DEFAULT NULL,
  `cUserModify` int(11) DEFAULT NULL,
  `dDateModify` datetime DEFAULT NULL,
  PRIMARY KEY (`cKdBooking`)
) ENGINE=MyISAM DEFAULT CHARSET=latin1;

/*Data for the table `tr_bookinghd` */

/*Table structure for table `tr_bookingitemdt` */

DROP TABLE IF EXISTS `tr_bookingitemdt`;

CREATE TABLE `tr_bookingitemdt` (
  `cIdx` int(11) DEFAULT NULL,
  `cKdBookingDt` varchar(50) NOT NULL,
  `cKdBooking` varchar(30) DEFAULT NULL,
  `cKdBarang` varchar(30) DEFAULT NULL,
  `vQty` int(11) DEFAULT NULL,
  `cSatuan` varchar(3) DEFAULT NULL,
  `cStatus` char(1) DEFAULT NULL,
  `cKeterangan` varchar(150) DEFAULT NULL,
  PRIMARY KEY (`cKdBookingDt`)
) ENGINE=MyISAM DEFAULT CHARSET=latin1;

/*Data for the table `tr_bookingitemdt` */

/*Table structure for table `tr_bookingtabledt` */

DROP TABLE IF EXISTS `tr_bookingtabledt`;

CREATE TABLE `tr_bookingtabledt` (
  `cIdx` int(11) DEFAULT NULL,
  `cKdBookingDt` varchar(50) NOT NULL,
  `cKdBooking` varchar(30) DEFAULT NULL,
  `cKdTable` int(11) DEFAULT NULL,
  `cStatus` char(1) DEFAULT NULL,
  `cKeterangan` varchar(150) DEFAULT NULL,
  PRIMARY KEY (`cKdBookingDt`)
) ENGINE=MyISAM DEFAULT CHARSET=latin1;

/*Data for the table `tr_bookingtabledt` */

/*Table structure for table `tr_fakturdt` */

DROP TABLE IF EXISTS `tr_fakturdt`;

CREATE TABLE `tr_fakturdt` (
  `cNoInvDt` varchar(35) NOT NULL,
  `cNoInv` varchar(30) DEFAULT NULL,
  `cIdTamu` varchar(50) DEFAULT NULL,
  `vTotalInv` decimal(18,2) DEFAULT NULL,
  PRIMARY KEY (`cNoInvDt`)
) ENGINE=MyISAM DEFAULT CHARSET=latin1;

/*Data for the table `tr_fakturdt` */

insert  into `tr_fakturdt`(`cNoInvDt`,`cNoInv`,`cIdTamu`,`vTotalInv`) values ('00014INVHO0215000','00014INVHO0215','220150222054722',251000.00),('00015INVHO0215000','00015INVHO0215','220150226060426',102000.00),('00016INVHO0215000','00016INVHO0215','220150224061324',97000.00),('00017INVHO0215000','00017INVHO0215','220150209062409',354000.00),('00018INVHO0215000','00018INVHO0215','220150206062906',102000.00),('00019INVHO0215000','00019INVHO0215','220150209100609',53000.00),('00020INVHO0215000','00020INVHO0215','220150201073401',197000.00),('00021INVHO0215000','00021INVHO0215','220150200111700',4425000.00),('00022INVHO0215000','00022INVHO0215','220150252124552',53000.00),('00023INVHO0215000','00023INVHO0215','720150231130431',33000.00),('00025INVHO0215000','00025INVHO0215','220150229130629',28000.00),('00026INVHO0215000','00026INVHO0215','220150239063239',15000.00),('00027INVHO0215000','00027INVHO0215','220150236131736',28000.00),('00028INVHO0215000','00028INVHO0215','220150210131410',69000.00),('00029INVHO0215000','00029INVHO0215','220150243125243',117000.00),('00030INVHO0215000','00030INVHO0215','220150218132718',33000.00),('00031INVHO0215000','00031INVHO0215','220150249135549',28000.00),('00034INVHO0215000','00034INVHO0215','220150228095828',0.00),('00035INVHO0215000','00035INVHO0215','220150202131102',104000.00),('00036INVHO0215000','00036INVHO0215','220150216141316',72000.00),('00037INVHO0215000','00037INVHO0215','220150212153512',72000.00),('00038INVHO0215000','00038INVHO0215','220150254153854',130000.00),('00039INVHO0215000','00039INVHO0215','220150211153811',172000.00),('00040INVHO0215000','00040INVHO0215','220150251162751',33000.00),('00041INVHO0215000','00041INVHO0215','220150254153854',130000.00),('00042INVHO0215000','00042INVHO0215','220150251162751',33000.00),('00043INVHO0215000','00043INVHO0215','220150254153854',130000.00),('00044INVHO0215000','00044INVHO0215','220150251162751',33000.00),('00045INVHO0215000','00045INVHO0215','220150211163411',43000.00),('00046INVHO0215000','00046INVHO0215','220150227162627',53000.00),('00047INVHO0215000','00047INVHO0215','220150245163645',10000.00),('00048INVHO0215000','00048INVHO0215','220150242164142',68000.00),('00049INVHO0215000','00049INVHO0215','220150242164142',68000.00),('00050INVHO0215000','00050INVHO0215','220150211164011',76000.00),('00051INVHO0215000','00051INVHO0215','220150211164011',76000.00),('00052INVHO0215000','00052INVHO0215','220150248164948',96000.00),('00053INVHO0215000','00053INVHO0215','220150235172235',20000.00),('00054INVHO0215000','00054INVHO0215','220150241164441',147000.00),('00055INVHO0215000','00055INVHO0215','220150211172611',66000.00),('00056INVHO0215000','00056INVHO0215','220150225165025',56000.00),('00057INVHO0215000','00057INVHO0215','220150204173104',101000.00),('00058INVHO0215000','00058INVHO0215','220150208222708',81000.00),('00059INVHO0215000','00059INVHO0215','720150229231529',90000.00),('00001INVHO0315000','00001INVHO0315','720150324054824',76000.00),('00002INVHO0315000','00002INVHO0315','220150258230058',181000.00),('00003INVHO0315000','00003INVHO0315','220150214222914',15000.00),('00004INVHO0315000','00004INVHO0315','120150209205309',46000.00),('00005INVHO0315000','00005INVHO0315','220150301055601',72000.00),('00006INVHO0315000','00006INVHO0315','120150214205114',10000.00),('00007INVHO0315000','00007INVHO0315','120150241204841',66000.00),('00008INVHO0315000','00008INVHO0315','220150357094957',188000.00),('00009INVHO0315000','00009INVHO0315','220150328091528',88000.00),('00010INVHO0315000','00010INVHO0315','520150313034313',53000.00),('00011INVHO0315000','00011INVHO0315','120150338072938',79000.00),('00012INVHO0315000','00012INVHO0315','520150352001752',114000.00),('00013INVHO0315000','00013INVHO0315','220150357022957',33000.00),('00014INVHO0315000','00014INVHO0315','220150356054956',112000.00),('00015INVHO0315000','00015INVHO0315','120150333134333',93000.00),('00016INVHO0315000','00016INVHO0315','220150338092138',107000.00),('00017INVHO0315000','00017INVHO0315','120150316003116',33000.00),('00018INVHO0315000','00018INVHO0315','220150306165706',23000.00),('00019INVHO0315000','00019INVHO0315','220150310165910',5000.00),('00020INVHO0315000','00020INVHO0315','220150305122805',23000.00),('00021INVHO0315000','00021INVHO0315','220150325170925',5000.00),('00022INVHO0315000','00022INVHO0315','220150316110916',84000.00),('00023INVHO0315000','00023INVHO0315','220150336110836',154000.00),('00024INVHO0315000','00024INVHO0315','220150327224127',129000.00),('00025INVHO0315000','00025INVHO0315','120150327081227',68000.00),('00026INVHO0315000','00026INVHO0315','220150312210812',283000.00),('00027INVHO0315000','00027INVHO0315','120150323023123',5000.00),('00028INVHO0315000','00028INVHO0315','220150304094404',5000.00),('00029INVHO0315000','00029INVHO0315','220150324232124',5000.00),('00030INVHO0315000','00030INVHO0315','220150308232308',28000.00),('00031INVHO0315000','00031INVHO0315','220150345104045',41500.00),('00032INVHO0315000','00032INVHO0315','120150309002309',201000.00),('00033INVHO0315000','00033INVHO0315','220150357105257',126000.00),('00034INVHO0315000','00034INVHO0315','220150307105707',10000.00),('00035INVHO0315000','00035INVHO0315','220150305002705',43000.00),('00036INVHO0315000','00036INVHO0315','220150356235856',284000.00),('00037INVHO0315000','00037INVHO0315','220150340224040',33000.00),('00038INVHO0315000','00038INVHO0315','220150357232857',137500.00),('00039INVHO0315000','00039INVHO0315','120150358000258',125000.00),('00040INVHO0315000','00040INVHO0315','120150345033945',528000.00),('00041INVHO0315000','00041INVHO0315','120150331004231',5000.00),('00042INVHO0315000','00042INVHO0315','120150336100436',1703000.00),('00043INVHO0315000','00043INVHO0315','220150332234132',115000.00),('00044INVHO0315000','00044INVHO0315','120150356043156',98000.00),('00045INVHO0315000','00045INVHO0315','120150350051750',129000.00),('00046INVHO0315000','00046INVHO0315','120150332034632',651000.00),('00047INVHO0315000','00047INVHO0315','120150332034632',651000.00),('00048INVHO0315001','00048INVHO0315','120150332034632',651000.00),('00048INVHO0315002','00048INVHO0315','220150334035334',98000.00),('00049INVHO0315001','00049INVHO0315','220150325061725',77000.00),('00050INVHO0315001','00050INVHO0315','220150307062207',53000.00),('00051INVHO0315001','00051INVHO0315','220150331065831',29000.00),('00052INVHO0315001','00052INVHO0315','220150359070059',29000.00),('00053INVHO0315001','00053INVHO0315','220150300111800',53000.00),('00053INVHO0315002','00053INVHO0315','120150348222948',134000.00),('00054INVHO0315001','00054INVHO0315','120150314004114',64000.00),('00055INVHO0315001','00055INVHO0315','220150314093414',250000.00),('00056INVHO0315001','00056INVHO0315','120150305015705',158000.00),('00057INVHO0315001','00057INVHO0315','220150300091800',220000.00),('00001INVHO0415001','00001INVHO0415','220150336093936',770000.00),('00002INVHO0415001','00002INVHO0415','220150420111820',720000.00),('00003INVHO0415001','00003INVHO0415','220150424111924',1010000.00),('00003INVHO0415002','00003INVHO0415','220150324094224',245000.00),('00004INVHO0415001','00004INVHO0415','220150318092218',395000.00),('00005INVHO0415001','00005INVHO0415','220150443114243',355000.00),('00006INVHO0415001','00006INVHO0415','220150458113258',145000.00),('00007INVHO0415001','00007INVHO0415','220150458121458',555000.00),('00008/INV-HO/0415001','00008/INV-HO/0415','220150400100500',230000.00),('00009/INV-HO/0415001','00009/INV-HO/0415','220150456094656',260000.00),('00010/INV-HO/0415001','00010/INV-HO/0415','220150420181920',500000.00),('00011/INV-HO/0415001','00011/INV-HO/0415','120150424035724',120000.00),('00012/INV-HO/0415001','00012/INV-HO/0415','220150449033449',240000.00),('00013/INV-HO/0415001','00013/INV-HO/0415','220150459182159',320000.00);

/*Table structure for table `tr_fakturhd` */

DROP TABLE IF EXISTS `tr_fakturhd`;

CREATE TABLE `tr_fakturhd` (
  `cNoInv` varchar(30) NOT NULL,
  `dTglInv` datetime DEFAULT NULL,
  `cStatus` char(1) DEFAULT NULL,
  `cNoFakturPajak` varchar(50) DEFAULT NULL,
  `dTglFakturPajak` datetime DEFAULT NULL,
  `cKdCurrency` char(3) DEFAULT NULL,
  `nRate` decimal(18,2) DEFAULT NULL,
  `nInvGross` decimal(18,2) DEFAULT NULL,
  `nInvPajak` decimal(18,2) DEFAULT NULL,
  `nInvPajakPrs` decimal(9,2) DEFAULT NULL,
  `nInvDisc` decimal(18,2) DEFAULT NULL,
  `nInvDiscPrs` decimal(9,2) DEFAULT NULL,
  `nInvLain` decimal(18,2) DEFAULT NULL,
  `nInvNetto` decimal(18,2) DEFAULT NULL,
  `cTunai` char(1) DEFAULT NULL,
  `vTotalTunai` decimal(18,2) DEFAULT NULL,
  `vUangTunai` decimal(18,2) DEFAULT NULL,
  `cDKCard` char(1) DEFAULT NULL,
  `cNoKartu` varchar(50) DEFAULT NULL,
  `cNoTransaksi` varchar(100) DEFAULT NULL,
  `vTotalDKCard` decimal(18,2) DEFAULT NULL,
  `cDKBiayaPers` decimal(9,2) DEFAULT NULL,
  `cDKBiaya` decimal(18,2) DEFAULT NULL,
  `cVoucher` char(1) DEFAULT NULL,
  `vTotalVoucher` decimal(18,2) DEFAULT NULL,
  `nPrinted` int(11) DEFAULT NULL,
  `nPrintedInv` int(11) DEFAULT NULL,
  `cUserKasir` int(11) DEFAULT NULL,
  `cKdEntity` varchar(3) DEFAULT NULL,
  `cUserCreated` int(11) DEFAULT NULL,
  `dDateCreated` datetime DEFAULT NULL,
  `cUserModify` int(11) DEFAULT NULL,
  `dDateModify` datetime DEFAULT NULL,
  PRIMARY KEY (`cNoInv`)
) ENGINE=MyISAM DEFAULT CHARSET=latin1;

/*Data for the table `tr_fakturhd` */

insert  into `tr_fakturhd`(`cNoInv`,`dTglInv`,`cStatus`,`cNoFakturPajak`,`dTglFakturPajak`,`cKdCurrency`,`nRate`,`nInvGross`,`nInvPajak`,`nInvPajakPrs`,`nInvDisc`,`nInvDiscPrs`,`nInvLain`,`nInvNetto`,`cTunai`,`vTotalTunai`,`vUangTunai`,`cDKCard`,`cNoKartu`,`cNoTransaksi`,`vTotalDKCard`,`cDKBiayaPers`,`cDKBiaya`,`cVoucher`,`vTotalVoucher`,`nPrinted`,`nPrintedInv`,`cUserKasir`,`cKdEntity`,`cUserCreated`,`dDateCreated`,`cUserModify`,`dDateModify`) values ('00014INVHO0215','2015-02-28 11:04:15','F',NULL,NULL,NULL,NULL,251000.00,0.00,0.00,0.00,0.00,0.00,251000.00,'T',0.00,251000.00,'F','0','0',0.00,0.00,0.00,NULL,NULL,NULL,NULL,2,NULL,0,'2015-02-28 11:04:15',0,'2015-02-28 11:04:15'),('00015INVHO0215','2015-02-28 11:10:19','F',NULL,NULL,NULL,NULL,102000.00,0.00,0.00,0.00,0.00,0.00,102000.00,'T',0.00,280000.00,'F','0','0',0.00,0.00,0.00,NULL,NULL,NULL,NULL,2,NULL,0,'2015-02-28 11:10:19',0,'2015-02-28 11:10:19'),('00016INVHO0215','2015-02-28 11:20:38','F',NULL,NULL,NULL,NULL,97000.00,0.00,0.00,0.00,0.00,0.00,97000.00,'T',0.00,97000.00,'F','0','0',0.00,0.00,0.00,NULL,NULL,NULL,NULL,2,NULL,0,'2015-02-28 11:20:38',0,'2015-02-28 11:20:38'),('00017INVHO0215','2015-02-28 11:27:53','F',NULL,NULL,NULL,NULL,354000.00,0.00,0.00,0.00,0.00,0.00,354000.00,'T',0.00,354000.00,'F','0','0',0.00,0.00,0.00,NULL,NULL,NULL,NULL,2,NULL,0,'2015-02-28 11:27:53',0,'2015-02-28 11:27:53'),('00018INVHO0215','2015-02-28 12:17:56','F',NULL,NULL,NULL,NULL,102000.00,0.00,0.00,0.00,0.00,0.00,102000.00,'T',0.00,102000.00,'F','0','0',0.00,0.00,0.00,NULL,NULL,NULL,NULL,2,NULL,0,'2015-02-28 12:17:56',0,'2015-02-28 12:17:56'),('00019INVHO0215','2015-02-28 15:08:48','F',NULL,NULL,NULL,NULL,53000.00,0.00,0.00,0.00,0.00,0.00,53000.00,'T',0.00,53000.00,'F','0','0',0.00,0.00,0.00,NULL,NULL,NULL,NULL,2,NULL,0,'2015-02-28 15:08:48',0,'2015-02-28 15:08:48'),('00020INVHO0215','2015-02-28 16:10:53','F',NULL,NULL,NULL,NULL,197000.00,0.00,0.00,0.00,0.00,0.00,197000.00,'T',0.00,500000.00,'F','0','0',0.00,0.00,0.00,NULL,NULL,NULL,NULL,2,NULL,0,'2015-02-28 16:10:53',0,'2015-02-28 16:10:53'),('00027INVHO0215','2015-02-28 18:21:44','F',NULL,NULL,NULL,NULL,28000.00,0.00,0.00,0.00,0.00,0.00,28000.00,'T',0.00,30000.00,'F','0','0',0.00,0.00,0.00,NULL,NULL,NULL,NULL,2,NULL,0,'2015-02-28 18:21:44',0,'2015-02-28 18:21:44'),('00028INVHO0215','2015-02-28 18:22:25','F',NULL,NULL,NULL,NULL,69000.00,0.00,0.00,0.00,0.00,0.00,69000.00,'T',0.00,700000.00,'F','0','0',0.00,0.00,0.00,NULL,NULL,NULL,NULL,2,NULL,0,'2015-02-28 18:22:25',0,'2015-02-28 18:22:25'),('00029INVHO0215','2015-02-28 18:25:27','F',NULL,NULL,NULL,NULL,117000.00,0.00,0.00,0.00,0.00,0.00,117000.00,'T',0.00,120000.00,'F','0','0',0.00,0.00,0.00,NULL,NULL,NULL,NULL,2,NULL,0,'2015-02-28 18:25:27',0,'2015-02-28 18:25:27'),('00030INVHO0215','2015-02-28 18:59:34','F',NULL,NULL,NULL,NULL,33000.00,0.00,0.00,0.00,0.00,0.00,33000.00,'T',0.00,33000.00,'F','0','0',0.00,0.00,0.00,NULL,NULL,NULL,NULL,2,NULL,0,'2015-02-28 18:59:34',0,'2015-02-28 18:59:34'),('00031INVHO0215','2015-02-28 19:01:16','F',NULL,NULL,NULL,NULL,28000.00,0.00,0.00,0.00,0.00,0.00,28000.00,'T',0.00,30000.00,'F','0','0',0.00,0.00,0.00,NULL,NULL,NULL,NULL,2,NULL,0,'2015-02-28 19:01:16',0,'2015-02-28 19:01:16'),('00034INVHO0215','2015-02-28 19:11:01','F',NULL,NULL,NULL,NULL,0.00,0.00,0.00,0.00,0.00,0.00,46000.00,'T',0.00,0.00,'F','0','0',0.00,0.00,0.00,NULL,NULL,NULL,NULL,2,NULL,0,'2015-02-28 19:11:01',0,'2015-02-28 19:11:01'),('00035INVHO0215','2015-02-28 19:12:13','F',NULL,NULL,NULL,NULL,104000.00,0.00,0.00,0.00,0.00,0.00,104000.00,'T',0.00,0.00,'F','0','0',0.00,0.00,0.00,NULL,NULL,NULL,NULL,2,NULL,0,'2015-02-28 19:12:13',0,'2015-02-28 19:12:13'),('00036INVHO0215','2015-02-28 19:27:39','F',NULL,NULL,NULL,NULL,72000.00,0.00,0.00,0.00,0.00,0.00,72000.00,'T',0.00,50000.00,'F','0','0',0.00,0.00,0.00,NULL,NULL,NULL,NULL,2,NULL,0,'2015-02-28 19:27:39',0,'2015-02-28 19:27:39'),('00037INVHO0215','2015-02-28 20:48:06','F',NULL,NULL,NULL,NULL,72000.00,0.00,0.00,0.00,0.00,0.00,70000.00,'T',0.00,500088.00,'F','0','0',0.00,0.00,0.00,NULL,NULL,NULL,NULL,2,NULL,0,'2015-02-28 20:48:06',0,'2015-02-28 20:48:06'),('00038INVHO0215','2015-02-28 21:02:45','F',NULL,NULL,NULL,NULL,130000.00,0.00,0.00,0.00,0.00,0.00,130000.00,'T',0.00,500000.00,'F','0','0',0.00,0.00,0.00,NULL,NULL,NULL,NULL,2,NULL,0,'2015-02-28 21:02:45',0,'2015-02-28 21:02:45'),('00039INVHO0215','2015-02-28 21:19:03','F',NULL,NULL,NULL,NULL,172000.00,0.00,0.00,0.00,0.00,0.00,172000.00,'T',0.00,80000.00,'F','0','0',0.00,0.00,0.00,NULL,NULL,NULL,NULL,2,NULL,0,'2015-02-28 21:19:03',0,'2015-02-28 21:19:03'),('00040INVHO0215','2015-02-28 21:28:19','F',NULL,NULL,NULL,NULL,33000.00,0.00,0.00,0.00,0.00,0.00,33000.00,'T',0.00,35000.00,'F','0','0',0.00,0.00,0.00,NULL,NULL,NULL,NULL,2,NULL,0,'2015-02-28 21:28:19',0,'2015-02-28 21:28:19'),('00041INVHO0215','2015-02-28 21:29:40','F',NULL,NULL,NULL,NULL,130000.00,0.00,0.00,0.00,0.00,0.00,130000.00,'T',0.00,150000.00,'F','0','0',0.00,0.00,0.00,NULL,NULL,NULL,NULL,2,NULL,0,'2015-02-28 21:29:40',0,'2015-02-28 21:29:40'),('00042INVHO0215','2015-02-28 21:29:55','F',NULL,NULL,NULL,NULL,33000.00,0.00,0.00,0.00,0.00,0.00,33000.00,'T',0.00,50000.00,'F','0','0',0.00,0.00,0.00,NULL,NULL,NULL,NULL,2,NULL,0,'2015-02-28 21:29:55',0,'2015-02-28 21:29:55'),('00043INVHO0215','2015-02-28 21:30:03','F',NULL,NULL,NULL,NULL,130000.00,0.00,0.00,0.00,0.00,0.00,130000.00,'T',0.00,15.00,'F','0','0',0.00,0.00,0.00,NULL,NULL,NULL,NULL,2,NULL,0,'2015-02-28 21:30:03',0,'2015-02-28 21:30:03'),('00044INVHO0215','2015-02-28 21:33:17','F',NULL,NULL,NULL,NULL,33000.00,0.00,0.00,0.00,0.00,0.00,33000.00,'T',0.00,35000.00,'F','0','0',0.00,0.00,0.00,NULL,NULL,NULL,NULL,2,NULL,0,'2015-02-28 21:33:17',0,'2015-02-28 21:33:17'),('00045INVHO0215','2015-02-28 21:34:57','F',NULL,NULL,NULL,NULL,43000.00,0.00,0.00,0.00,0.00,0.00,43000.00,'T',0.00,45000.00,'F','0','0',0.00,0.00,0.00,NULL,NULL,NULL,NULL,2,NULL,0,'2015-02-28 21:34:57',0,'2015-02-28 21:34:57'),('00046INVHO0215','2015-02-28 21:36:04','F',NULL,NULL,NULL,NULL,53000.00,0.00,0.00,0.00,0.00,0.00,53000.00,'T',0.00,55000.00,'F','0','0',0.00,0.00,0.00,NULL,NULL,NULL,NULL,2,NULL,0,'2015-02-28 21:36:04',0,'2015-02-28 21:36:04'),('00047INVHO0215','2015-02-28 21:37:11','F',NULL,NULL,NULL,NULL,10000.00,0.00,0.00,0.00,0.00,0.00,10000.00,'T',0.00,100000.00,'F','0','0',0.00,0.00,0.00,NULL,NULL,NULL,NULL,2,NULL,0,'2015-02-28 21:37:11',0,'2015-02-28 21:37:11'),('00048INVHO0215','2015-02-28 21:48:03','F',NULL,NULL,NULL,NULL,68000.00,0.00,0.00,0.00,0.00,0.00,68000.00,'T',0.00,68000.00,'F','0','0',0.00,0.00,0.00,NULL,NULL,NULL,NULL,2,NULL,0,'2015-02-28 21:48:03',0,'2015-02-28 21:48:03'),('00049INVHO0215','2015-02-28 21:48:18','F',NULL,NULL,NULL,NULL,68000.00,0.00,0.00,0.00,0.00,0.00,68000.00,'T',0.00,68000.00,'F','0','0',0.00,0.00,0.00,NULL,NULL,NULL,NULL,2,NULL,0,'2015-02-28 21:48:18',0,'2015-02-28 21:48:18'),('00050INVHO0215','2015-02-28 21:49:13','F',NULL,NULL,NULL,NULL,76000.00,0.00,0.00,0.00,0.00,0.00,76000.00,'T',0.00,76000.00,'F','0','0',0.00,0.00,0.00,NULL,NULL,NULL,NULL,2,NULL,0,'2015-02-28 21:49:13',0,'2015-02-28 21:49:13'),('00051INVHO0215','2015-02-28 21:49:24','F',NULL,NULL,NULL,NULL,76000.00,0.00,0.00,0.00,0.00,0.00,76000.00,'T',0.00,76000.00,'F','0','0',0.00,0.00,0.00,NULL,NULL,NULL,NULL,2,NULL,0,'2015-02-28 21:49:24',0,'2015-02-28 21:49:24'),('00052INVHO0215','2015-02-28 22:22:09','F',NULL,NULL,NULL,NULL,96000.00,0.00,0.00,0.00,0.00,0.00,96000.00,'T',0.00,96000.00,'F','0','0',0.00,0.00,0.00,NULL,NULL,NULL,NULL,2,NULL,0,'2015-02-28 22:22:09',0,'2015-02-28 22:22:09'),('00053INVHO0215','2015-02-28 22:23:22','F',NULL,NULL,NULL,NULL,20000.00,0.00,0.00,0.00,0.00,0.00,20000.00,'T',0.00,20000.00,'F','0','0',0.00,0.00,0.00,NULL,NULL,NULL,NULL,2,NULL,0,'2015-02-28 22:23:22',0,'2015-02-28 22:23:22'),('00054INVHO0215','2015-02-28 22:24:41','F',NULL,NULL,NULL,NULL,147000.00,0.00,0.00,0.00,0.00,0.00,147000.00,'T',0.00,150000.00,'F','0','0',0.00,0.00,0.00,NULL,NULL,NULL,NULL,2,NULL,0,'2015-02-28 22:24:41',0,'2015-02-28 22:24:41'),('00055INVHO0215','2015-02-28 22:27:43','F',NULL,NULL,NULL,NULL,66000.00,0.00,0.00,0.00,0.00,0.00,66000.00,'T',0.00,70000.00,'F','0','0',0.00,0.00,0.00,NULL,NULL,NULL,NULL,2,NULL,0,'2015-02-28 22:27:43',0,'2015-02-28 22:27:43'),('00056INVHO0215','2015-02-28 22:29:28','F',NULL,NULL,NULL,NULL,56000.00,0.00,0.00,0.00,0.00,0.00,56000.00,'T',0.00,60000.00,'F','0','0',0.00,0.00,0.00,NULL,NULL,NULL,NULL,2,NULL,0,'2015-02-28 22:29:28',0,'2015-02-28 22:29:28'),('00057INVHO0215','2015-02-28 22:45:14','F',NULL,NULL,NULL,NULL,101000.00,0.00,0.00,0.00,0.00,0.00,101000.00,'T',0.00,101000.00,'F','0','0',0.00,0.00,0.00,NULL,NULL,NULL,NULL,2,NULL,0,'2015-02-28 22:45:14',0,'2015-02-28 22:45:14'),('00058INVHO0215','2015-03-01 03:28:48','F',NULL,NULL,NULL,NULL,81000.00,0.00,0.00,0.00,0.00,0.00,81000.00,'T',0.00,90000.00,'F','0','0',0.00,0.00,0.00,NULL,NULL,NULL,NULL,2,NULL,0,'2015-03-01 03:28:48',0,'2015-03-01 03:28:48'),('00059INVHO0215','2015-03-01 04:17:45','F',NULL,NULL,NULL,NULL,90000.00,0.00,0.00,0.00,0.00,0.00,90000.00,'T',0.00,100000.00,'F','0','0',0.00,0.00,0.00,NULL,NULL,NULL,NULL,2,NULL,0,'2015-03-01 04:17:45',0,'2015-03-01 04:17:45'),('00001INVHO0315','2015-03-02 10:48:41','F',NULL,NULL,NULL,NULL,76000.00,0.00,0.00,0.00,0.00,0.00,76000.00,'T',0.00,80000.00,'F','0','0',0.00,0.00,0.00,NULL,NULL,NULL,NULL,2,NULL,0,'2015-03-02 10:48:41',0,'2015-03-02 10:48:41'),('00002INVHO0315','2015-03-02 10:52:20','F',NULL,NULL,NULL,NULL,181000.00,0.00,0.00,0.00,0.00,0.00,181000.00,'T',0.00,200000.00,'F','0','0',0.00,0.00,0.00,NULL,NULL,NULL,NULL,2,NULL,0,'2015-03-02 10:52:20',0,'2015-03-02 10:52:20'),('00003INVHO0315','2015-03-02 10:53:39','F',NULL,NULL,NULL,NULL,15000.00,0.00,0.00,0.00,0.00,0.00,15000.00,'T',0.00,15000.00,'F','0','0',0.00,0.00,0.00,NULL,NULL,NULL,NULL,2,NULL,0,'2015-03-02 10:53:39',0,'2015-03-02 10:53:39'),('00004INVHO0315','2015-03-02 10:55:37','F',NULL,NULL,NULL,NULL,46000.00,0.00,0.00,0.00,0.00,0.00,46000.00,'T',0.00,46000.00,'F','0','0',0.00,0.00,0.00,NULL,NULL,NULL,NULL,2,NULL,0,'2015-03-02 10:55:37',0,'2015-03-02 10:55:37'),('00005INVHO0315','2015-03-02 10:56:34','F',NULL,NULL,NULL,NULL,72000.00,0.00,0.00,0.00,0.00,0.00,72000.00,'T',0.00,72000.00,'F','0','0',0.00,0.00,0.00,NULL,NULL,NULL,NULL,2,NULL,0,'2015-03-02 10:56:34',0,'2015-03-02 10:56:34'),('00006INVHO0315','2015-03-02 10:57:13','F',NULL,NULL,NULL,NULL,10000.00,0.00,0.00,0.00,0.00,0.00,10000.00,'T',0.00,0.00,'F','0','0',0.00,0.00,0.00,NULL,NULL,NULL,NULL,2,NULL,0,'2015-03-02 10:57:13',0,'2015-03-02 10:57:13'),('00007INVHO0315','2015-03-03 12:28:57','F',NULL,NULL,NULL,NULL,66000.00,0.00,0.00,0.00,0.00,0.00,66.00,'T',0.00,70000.00,'F','0','0',0.00,0.00,0.00,NULL,NULL,NULL,NULL,1,NULL,0,'2015-03-03 12:28:57',0,'2015-03-03 12:28:57'),('00008INVHO0315','2015-03-03 14:50:49','F',NULL,NULL,NULL,NULL,188000.00,0.00,0.00,0.00,0.00,0.00,188000.00,'T',0.00,200000.00,'F','0','0',0.00,0.00,0.00,NULL,NULL,NULL,NULL,2,NULL,0,'2015-03-03 14:50:49',0,'2015-03-03 14:50:49'),('00009INVHO0315','2015-03-04 14:21:21','F',NULL,NULL,NULL,NULL,88000.00,0.00,0.00,0.00,0.00,0.00,88.00,'T',0.00,90000.00,'F','0','0',0.00,0.00,0.00,NULL,NULL,NULL,NULL,2,NULL,0,'2015-03-04 14:21:21',0,'2015-03-04 14:21:21'),('00010INVHO0315','2015-03-07 08:51:32','F',NULL,NULL,NULL,NULL,53000.00,0.00,0.00,0.00,0.00,0.00,53000.00,'T',0.00,0.00,'F','0','0',0.00,0.00,0.00,NULL,NULL,NULL,NULL,2,NULL,0,'2015-03-07 08:51:32',0,'2015-03-07 08:51:32'),('00011INVHO0315','2015-03-08 23:20:03','F',NULL,NULL,NULL,NULL,79000.00,0.00,0.00,0.00,0.00,0.00,79000.00,'T',0.00,79000.00,'F','0','0',0.00,0.00,0.00,NULL,NULL,NULL,NULL,4,NULL,0,'2015-03-08 23:20:03',0,'2015-03-08 23:20:03'),('00012INVHO0315','2015-03-14 15:00:00','F',NULL,NULL,NULL,NULL,114000.00,0.00,0.00,0.00,0.00,0.00,114000.00,'T',0.00,115000.00,'F','0','0',0.00,0.00,0.00,NULL,NULL,NULL,NULL,2,NULL,0,'2015-03-14 15:00:00',0,'2015-03-14 15:00:00'),('00013INVHO0315','2015-03-15 06:30:16','F',NULL,NULL,NULL,NULL,33000.00,0.00,0.00,0.00,0.00,0.00,33000.00,'T',0.00,35000.00,'F','0','0',0.00,0.00,0.00,NULL,NULL,NULL,NULL,2,NULL,0,'2015-03-15 06:30:16',0,'2015-03-15 06:30:16'),('00014INVHO0315','2015-03-15 09:52:10','F',NULL,NULL,NULL,NULL,112000.00,0.00,0.00,0.00,0.00,0.00,112000.00,'T',0.00,115000.00,'F','0','0',0.00,0.00,0.00,NULL,NULL,NULL,NULL,2,NULL,0,'2015-03-15 09:52:10',0,'2015-03-15 09:52:10'),('00015INVHO0315','2015-03-21 10:05:56','F',NULL,NULL,NULL,NULL,93000.00,0.00,0.00,0.00,0.00,0.00,93000.00,'T',0.00,100000.00,'F','0','0',0.00,0.00,0.00,NULL,NULL,NULL,NULL,2,NULL,0,'2015-03-21 10:05:56',0,'2015-03-21 10:05:56'),('00016INVHO0315','2015-03-21 12:19:39','F',NULL,NULL,NULL,NULL,107000.00,0.00,0.00,0.00,0.00,0.00,107000.00,'T',0.00,110000.00,'F','0','0',0.00,0.00,0.00,NULL,NULL,NULL,NULL,2,NULL,0,'2015-03-21 12:19:39',0,'2015-03-21 12:19:39'),('00017INVHO0315','2015-03-21 15:31:01','F',NULL,NULL,NULL,NULL,33000.00,0.00,0.00,0.00,0.00,0.00,33000.00,'T',0.00,35.00,'F','0','0',0.00,0.00,0.00,NULL,NULL,NULL,NULL,2,NULL,0,'2015-03-21 15:31:01',0,'2015-03-21 15:31:01'),('00018INVHO0315','2015-03-21 20:57:34','F',NULL,NULL,NULL,NULL,23000.00,0.00,0.00,0.00,0.00,0.00,23000.00,'T',0.00,50000.00,'F','0','0',0.00,0.00,0.00,NULL,NULL,NULL,NULL,2,NULL,0,'2015-03-21 20:57:34',0,'2015-03-21 20:57:34'),('00019INVHO0315','2015-03-21 20:59:23','F',NULL,NULL,NULL,NULL,5000.00,0.00,0.00,0.00,0.00,0.00,5000.00,'T',0.00,5000.00,'F','0','0',0.00,0.00,0.00,NULL,NULL,NULL,NULL,2,NULL,0,'2015-03-21 20:59:23',0,'2015-03-21 20:59:23'),('00020INVHO0315','2015-03-21 21:00:47','F',NULL,NULL,NULL,NULL,23000.00,0.00,0.00,0.00,0.00,0.00,23000.00,'T',0.00,23000.00,'F','0','0',0.00,0.00,0.00,NULL,NULL,NULL,NULL,2,NULL,0,'2015-03-21 21:00:47',0,'2015-03-21 21:00:47'),('00021INVHO0315','2015-03-21 21:09:42','F',NULL,NULL,NULL,NULL,5000.00,0.00,0.00,0.00,0.00,0.00,5000.00,'T',0.00,1000.00,'F','0','0',0.00,0.00,0.00,NULL,NULL,NULL,NULL,2,NULL,0,'2015-03-21 21:09:42',0,'2015-03-21 21:09:42'),('00022INVHO0315','2015-03-22 02:29:48','F',NULL,NULL,NULL,NULL,84000.00,0.00,0.00,0.00,0.00,0.00,84000.00,'T',0.00,80000.00,'F','0','0',0.00,0.00,0.00,NULL,NULL,NULL,NULL,2,NULL,0,'2015-03-22 02:29:48',0,'2015-03-22 02:29:48'),('00023INVHO0315','2015-03-22 02:40:47','F',NULL,NULL,NULL,NULL,154000.00,0.00,0.00,0.00,0.00,0.00,154000.00,'T',0.00,154000.00,'F','0','0',0.00,0.00,0.00,NULL,NULL,NULL,NULL,2,NULL,0,'2015-03-22 02:40:47',0,'2015-03-22 02:40:47'),('00024INVHO0315','2015-03-22 02:42:12','F',NULL,NULL,NULL,NULL,129000.00,0.00,0.00,0.00,0.00,0.00,129000.00,'T',0.00,129000.00,'F','0','0',0.00,0.00,0.00,NULL,NULL,NULL,NULL,2,NULL,0,'2015-03-22 02:42:12',0,'2015-03-22 02:42:12'),('00025INVHO0315','2015-03-22 16:12:46','F',NULL,NULL,NULL,NULL,68000.00,0.00,0.00,0.00,0.00,0.00,68000.00,'T',0.00,1000.00,'T','400','20',100000.00,0.00,0.00,NULL,NULL,NULL,NULL,2,NULL,0,'2015-03-22 16:12:46',0,'2015-03-22 16:12:46'),('00026INVHO0315','2015-03-23 03:19:22','F',NULL,NULL,NULL,NULL,283000.00,0.00,0.00,0.00,0.00,0.00,283000.00,'T',0.00,283000.00,'F','0','0',0.00,0.00,0.00,NULL,NULL,NULL,NULL,2,NULL,0,'2015-03-23 03:19:22',0,'2015-03-23 03:19:22'),('00027INVHO0315','2015-03-23 03:20:50','F',NULL,NULL,NULL,NULL,5000.00,0.00,0.00,0.00,0.00,0.00,5000.00,'T',0.00,5000.00,'F','0','0',0.00,0.00,0.00,NULL,NULL,NULL,NULL,2,NULL,0,'2015-03-23 03:20:50',0,'2015-03-23 03:20:50'),('00028INVHO0315','2015-03-23 03:21:04','F',NULL,NULL,NULL,NULL,5000.00,0.00,0.00,0.00,0.00,0.00,5000.00,'T',0.00,5000.00,'F','0','0',0.00,0.00,0.00,NULL,NULL,NULL,NULL,2,NULL,0,'2015-03-23 03:21:04',0,'2015-03-23 03:21:04'),('00029INVHO0315','2015-03-23 03:22:56','F',NULL,NULL,NULL,NULL,5000.00,0.00,0.00,0.00,0.00,0.00,5000.00,'T',0.00,5000.00,'F','0','0',0.00,0.00,0.00,NULL,NULL,NULL,NULL,2,NULL,0,'2015-03-23 03:22:56',0,'2015-03-23 03:22:56'),('00030INVHO0315','2015-03-23 03:24:19','F',NULL,NULL,NULL,NULL,28000.00,0.00,0.00,0.00,0.00,0.00,28000.00,'T',0.00,28000.00,'F','0','0',0.00,0.00,0.00,NULL,NULL,NULL,NULL,2,NULL,0,'2015-03-23 03:24:19',0,'2015-03-23 03:24:19'),('00031INVHO0315','2015-03-25 14:48:53','F',NULL,NULL,NULL,NULL,41500.00,0.00,0.00,0.00,0.00,0.00,41500.00,'T',0.00,50000.00,'F','0','0',0.00,0.00,0.00,NULL,NULL,NULL,NULL,2,NULL,0,'2015-03-25 14:48:53',0,'2015-03-25 14:48:53'),('00032INVHO0315','2015-03-25 14:51:58','F',NULL,NULL,NULL,NULL,201000.00,0.00,0.00,0.00,0.00,0.00,201000.00,'T',0.00,0.00,'T','1234568','85',201000.00,0.00,0.00,NULL,NULL,NULL,NULL,2,NULL,0,'2015-03-25 14:51:58',0,'2015-03-25 14:51:58'),('00033INVHO0315','2015-03-25 14:56:32','F',NULL,NULL,NULL,NULL,126000.00,0.00,0.00,0.00,0.00,0.00,126000.00,'T',0.00,150000.00,'F','0','0',0.00,0.00,0.00,NULL,NULL,NULL,NULL,2,NULL,0,'2015-03-25 14:56:32',0,'2015-03-25 14:56:32'),('00034INVHO0315','2015-03-25 14:57:36','F',NULL,NULL,NULL,NULL,10000.00,0.00,0.00,0.00,0.00,0.00,10000.00,'T',0.00,10000.00,'F','0','0',0.00,0.00,0.00,NULL,NULL,NULL,NULL,2,NULL,0,'2015-03-25 14:57:36',0,'2015-03-25 14:57:36'),('00035INVHO0315','2015-03-26 12:42:01','F',NULL,NULL,NULL,NULL,43000.00,0.00,0.00,0.00,0.00,0.00,43000.00,'T',0.00,45000.00,'F','0','0',0.00,0.00,0.00,NULL,NULL,NULL,NULL,2,NULL,0,'2015-03-26 12:42:01',0,'2015-03-26 12:42:01'),('00036INVHO0315','2015-03-28 04:00:56','F',NULL,NULL,NULL,NULL,284000.00,0.00,0.00,0.00,0.00,0.00,284000.00,'T',0.00,300000.00,'F','0','0',0.00,0.00,0.00,NULL,NULL,NULL,NULL,1,NULL,0,'2015-03-28 04:00:56',0,'2015-03-28 04:00:56'),('00037INVHO0315','2015-03-28 04:13:29','F',NULL,NULL,NULL,NULL,33000.00,0.00,0.00,0.00,0.00,0.00,33000.00,'T',0.00,50000.00,'F','0','0',0.00,0.00,0.00,NULL,NULL,NULL,NULL,1,NULL,0,'2015-03-28 04:13:29',0,'2015-03-28 04:13:29'),('00038INVHO0315','2015-03-28 04:13:59','F',NULL,NULL,NULL,NULL,137500.00,0.00,0.00,0.00,0.00,0.00,137500.00,'T',0.00,150000.00,'F','0','0',0.00,0.00,0.00,NULL,NULL,NULL,NULL,1,NULL,0,'2015-03-28 04:13:59',0,'2015-03-28 04:13:59'),('00039INVHO0315','2015-03-28 07:26:18','F',NULL,NULL,NULL,NULL,125000.00,0.00,0.00,0.00,0.00,0.00,125000.00,'T',0.00,130000.00,'F','0','0',0.00,0.00,0.00,NULL,NULL,NULL,NULL,2,NULL,0,'2015-03-28 07:26:18',0,'2015-03-28 07:26:18'),('00040INVHO0315','2015-03-28 07:41:43','F',NULL,NULL,NULL,NULL,528000.00,0.00,0.00,0.00,0.00,0.00,528000.00,'T',0.00,1234567.00,'F','0','0',0.00,0.00,0.00,NULL,NULL,NULL,NULL,2,NULL,0,'2015-03-28 07:41:43',0,'2015-03-28 07:41:43'),('00041INVHO0315','2015-03-28 07:42:16','F',NULL,NULL,NULL,NULL,5000.00,0.00,0.00,0.00,0.00,0.00,5000.00,'T',0.00,55568.00,'F','0','0',0.00,0.00,0.00,NULL,NULL,NULL,NULL,2,NULL,0,'2015-03-28 07:42:16',0,'2015-03-28 07:42:16'),('00042INVHO0315','2015-03-28 07:42:34','F',NULL,NULL,NULL,NULL,1703000.00,0.00,0.00,0.00,0.00,0.00,1703000.00,'T',0.00,8642136.00,'F','0','0',0.00,0.00,0.00,NULL,NULL,NULL,NULL,2,NULL,0,'2015-03-28 07:42:34',0,'2015-03-28 07:42:34'),('00043INVHO0315','2015-03-28 07:42:42','F',NULL,NULL,NULL,NULL,115000.00,0.00,0.00,0.00,0.00,0.00,115000.00,'T',0.00,95560046.00,'F','0','0',0.00,0.00,0.00,NULL,NULL,NULL,NULL,2,NULL,0,'2015-03-28 07:42:42',0,'2015-03-28 07:42:42'),('00044INVHO0315','2015-03-28 09:10:10','F',NULL,NULL,NULL,NULL,98000.00,0.00,0.00,0.00,0.00,0.00,98000.00,'T',0.00,100000.00,'F','0','0',0.00,0.00,0.00,NULL,NULL,NULL,NULL,1,NULL,0,'2015-03-28 09:10:10',0,'2015-03-28 09:10:10'),('00045INVHO0315','2015-03-28 09:18:25','F',NULL,NULL,NULL,NULL,129000.00,0.00,0.00,0.00,0.00,0.00,129000.00,'T',0.00,129000.00,'F','0','0',0.00,0.00,0.00,NULL,NULL,NULL,NULL,2,NULL,0,'2015-03-28 09:18:25',0,'2015-03-28 09:18:25'),('00048INVHO0315','2015-03-28 10:16:34','F',NULL,NULL,NULL,NULL,749000.00,0.00,0.00,0.00,0.00,0.00,749000.00,'T',0.00,1000000.00,'T','1111','22222',1000.00,0.00,0.00,NULL,NULL,NULL,NULL,2,NULL,0,'2015-03-28 10:16:34',0,'2015-03-28 10:16:34'),('00049INVHO0315','2015-03-28 10:18:53','F',NULL,NULL,NULL,NULL,77000.00,0.00,0.00,0.00,0.00,0.00,77000.00,'T',0.00,100000.00,'F','0','0',0.00,0.00,0.00,NULL,NULL,NULL,NULL,2,NULL,0,'2015-03-28 10:18:53',0,'2015-03-28 10:18:53'),('00051INVHO0315','2015-03-28 11:00:07','F',NULL,NULL,NULL,NULL,29000.00,0.00,10.00,1000.00,0.00,0.00,30800.00,'T',0.00,200080.00,'F','0','0',0.00,0.00,0.00,NULL,NULL,NULL,NULL,2,NULL,0,'2015-03-28 11:00:07',0,'2015-03-28 11:00:07'),('00052INVHO0315','2015-03-28 11:02:25','F',NULL,NULL,NULL,NULL,29000.00,0.00,10.00,2000.00,0.00,0.00,29700.00,'T',0.00,50000.00,'F','0','0',0.00,0.00,0.00,NULL,NULL,NULL,NULL,2,NULL,0,'2015-03-28 11:02:25',0,'2015-03-28 11:02:25'),('00053INVHO0315','2015-03-30 04:51:36','F',NULL,NULL,NULL,NULL,187000.00,0.00,0.00,0.00,0.00,0.00,187000.00,'T',0.00,190000.00,'F','0','0',0.00,0.00,0.00,NULL,NULL,NULL,NULL,2,NULL,0,'2015-03-30 04:51:36',0,'2015-03-30 04:51:36'),('00054INVHO0315','2015-03-30 07:14:42','F',NULL,NULL,NULL,NULL,64000.00,0.00,0.00,0.00,0.00,0.00,64000.00,'T',0.00,65000.00,'F','0','0',0.00,0.00,0.00,NULL,NULL,NULL,NULL,2,NULL,0,'2015-03-30 07:14:42',0,'2015-03-30 07:14:42'),('00055INVHO0315','2015-03-31 14:38:24','F',NULL,NULL,NULL,NULL,250000.00,0.00,0.00,0.00,0.00,0.00,250000.00,'T',0.00,250000.00,'F','0','0',0.00,0.00,0.00,NULL,NULL,NULL,NULL,2,NULL,0,'2015-03-31 14:38:24',0,'2015-03-31 14:38:24'),('00056INVHO0315','2015-03-31 15:38:15','F',NULL,NULL,NULL,NULL,158000.00,0.00,0.00,0.00,0.00,0.00,158000.00,'T',0.00,160000.00,'F','0','0',0.00,0.00,0.00,NULL,NULL,NULL,NULL,2,NULL,0,'2015-03-31 15:38:15',0,'2015-03-31 15:38:15'),('00057INVHO0315','2015-03-31 15:39:29','F',NULL,NULL,NULL,NULL,220000.00,0.00,0.00,0.00,0.00,0.00,220000.00,'T',0.00,220000.00,'F','0','0',0.00,0.00,0.00,NULL,NULL,NULL,NULL,2,NULL,0,'2015-03-31 15:39:29',0,'2015-03-31 15:39:29'),('00001INVHO0415','2015-04-02 16:16:17','F',NULL,NULL,NULL,NULL,770000.00,0.00,0.00,0.00,0.00,0.00,770000.00,'T',0.00,770000.00,'F','0','0',0.00,0.00,0.00,NULL,NULL,NULL,NULL,2,NULL,0,'2015-04-02 16:16:17',0,'2015-04-02 16:16:17'),('00002INVHO0415','2015-04-03 05:11:55','F',NULL,NULL,NULL,NULL,720000.00,0.00,0.00,0.00,0.00,0.00,720000.00,'T',0.00,750000.00,'F','0','0',0.00,0.00,0.00,NULL,NULL,NULL,NULL,2,NULL,0,'2015-04-03 05:11:55',0,'2015-04-03 05:11:55'),('00003INVHO0415','2015-04-03 10:56:46','F',NULL,NULL,NULL,NULL,1255000.00,0.00,0.00,0.00,0.00,0.00,1255000.00,'T',0.00,1300000.00,'F','0','0',0.00,0.00,0.00,NULL,NULL,NULL,NULL,2,NULL,0,'2015-04-03 10:56:46',0,'2015-04-03 10:56:46'),('00004INVHO0415','2015-04-03 11:08:24','F',NULL,NULL,NULL,NULL,395000.00,0.00,10.00,0.00,0.00,0.00,434500.00,'T',0.00,450000.00,'F','0','0',0.00,0.00,0.00,NULL,NULL,NULL,NULL,2,NULL,0,'2015-04-03 11:08:24',0,'2015-04-03 11:08:24'),('00005INVHO0415','2015-04-03 16:46:41','F',NULL,NULL,NULL,NULL,355000.00,0.00,10.00,0.00,0.00,0.00,390500.00,'T',0.00,900000.00,'F','0','0',0.00,0.00,0.00,NULL,NULL,NULL,NULL,2,NULL,0,'2015-04-03 16:46:41',0,'2015-04-03 16:46:41'),('00006INVHO0415','2015-04-03 16:47:04','F',NULL,NULL,NULL,NULL,145000.00,0.00,10.00,0.00,0.00,0.00,159500.00,'T',0.00,569080.00,'F','0','0',0.00,0.00,0.00,NULL,NULL,NULL,NULL,2,NULL,0,'2015-04-03 16:47:04',0,'2015-04-03 16:47:04'),('00007INVHO0415','2015-04-05 07:40:26','F',NULL,NULL,NULL,NULL,555000.00,0.00,10.00,0.00,0.00,0.00,610500.00,'T',0.00,610500.00,'F','0','0',0.00,0.00,0.00,NULL,NULL,NULL,NULL,2,NULL,0,'2015-04-05 07:40:26',0,'2015-04-05 07:40:26'),('00008/INV-HO/0415','2015-04-05 15:07:52','F',NULL,NULL,NULL,NULL,230000.00,0.00,10.00,0.00,0.00,0.00,253000.00,'T',0.00,253000.00,'F','0','0',0.00,0.00,0.00,NULL,NULL,NULL,NULL,2,NULL,0,'2015-04-05 15:07:52',0,'2015-04-05 15:07:52'),('00009/INV-HO/0415','2015-04-05 15:11:55','F',NULL,NULL,NULL,NULL,260000.00,0.00,10.00,0.00,0.00,0.00,286000.00,'T',0.00,286000.00,'F','0','0',0.00,0.00,0.00,NULL,NULL,NULL,NULL,2,NULL,0,'2015-04-05 15:11:55',0,'2015-04-05 15:11:55'),('00010/INV-HO/0415','2015-04-05 23:21:24','F',NULL,NULL,NULL,NULL,500000.00,0.00,10.00,0.00,0.00,0.00,550000.00,'T',0.00,550000.00,'F','0','0',0.00,0.00,0.00,NULL,NULL,NULL,NULL,2,NULL,0,'2015-04-05 23:21:24',0,'2015-04-05 23:21:24'),('00011/INV-HO/0415','2015-04-06 09:27:23','F',NULL,NULL,NULL,NULL,120000.00,0.00,10.00,0.00,0.00,0.00,132000.00,'T',0.00,132000.00,'F','0','0',0.00,0.00,0.00,NULL,NULL,NULL,NULL,2,NULL,0,'2015-04-06 09:27:23',0,'2015-04-06 09:27:23'),('00012/INV-HO/0415','2015-04-06 09:28:05','F',NULL,NULL,NULL,NULL,240000.00,0.00,10.00,0.00,0.00,0.00,264000.00,'T',0.00,264000.00,'F','0','0',0.00,0.00,0.00,NULL,NULL,NULL,NULL,2,NULL,0,'2015-04-06 09:28:05',0,'2015-04-06 09:28:05'),('00013/INV-HO/0415','2015-04-06 09:28:17','F',NULL,NULL,NULL,NULL,320000.00,0.00,10.00,0.00,0.00,0.00,352000.00,'T',0.00,352000.00,'F','0','0',0.00,0.00,0.00,NULL,NULL,NULL,NULL,2,NULL,0,'2015-04-06 09:28:17',0,'2015-04-06 09:28:17');

/*Table structure for table `tr_icbbmdt` */

DROP TABLE IF EXISTS `tr_icbbmdt`;

CREATE TABLE `tr_icbbmdt` (
  `cIdBBMDt` int(11) NOT NULL AUTO_INCREMENT,
  `cIdBBM` int(11) DEFAULT NULL,
  `cIdPODt` int(11) DEFAULT NULL,
  `cIdPO` int(11) DEFAULT NULL,
  `cNoBBM` varchar(30) DEFAULT NULL,
  `dTglBBM` datetime DEFAULT NULL,
  `cNoPO` varchar(30) DEFAULT NULL,
  `dTglPO` datetime DEFAULT NULL,
  `cKdBarang` varchar(30) DEFAULT NULL,
  `nQtyBBM` decimal(9,2) DEFAULT NULL,
  `cSatuan` char(3) DEFAULT NULL,
  PRIMARY KEY (`cIdBBMDt`)
) ENGINE=MyISAM AUTO_INCREMENT=10 DEFAULT CHARSET=latin1;

/*Data for the table `tr_icbbmdt` */

/*Table structure for table `tr_icbbmhd` */

DROP TABLE IF EXISTS `tr_icbbmhd`;

CREATE TABLE `tr_icbbmhd` (
  `cIdBBM` int(11) NOT NULL AUTO_INCREMENT,
  `cIdPO` int(11) DEFAULT NULL,
  `cNoPO` varchar(30) DEFAULT NULL,
  `dTglPO` datetime DEFAULT NULL,
  `cNoBBM` varchar(30) DEFAULT NULL,
  `dTglBBM` datetime DEFAULT NULL,
  `cKdSupplier` char(10) DEFAULT NULL,
  `cKeterangan` text,
  `cStatus` char(1) DEFAULT NULL,
  `cKdEntity` varchar(3) DEFAULT NULL,
  `cUserCreated` int(11) DEFAULT NULL,
  `dDateCreated` datetime DEFAULT NULL,
  `cUserModify` int(11) DEFAULT NULL,
  `dDateModify` datetime DEFAULT NULL,
  PRIMARY KEY (`cIdBBM`)
) ENGINE=MyISAM AUTO_INCREMENT=6 DEFAULT CHARSET=latin1;

/*Data for the table `tr_icbbmhd` */

/*Table structure for table `tr_pesanandt` */

DROP TABLE IF EXISTS `tr_pesanandt`;

CREATE TABLE `tr_pesanandt` (
  `cIdx` int(11) DEFAULT NULL,
  `cKdPesananDt` varchar(60) NOT NULL,
  `cKdPesanan` varchar(55) DEFAULT NULL,
  `cIdTamu` varchar(50) DEFAULT NULL,
  `cKdBarang` varchar(30) DEFAULT NULL,
  `vQty` int(11) DEFAULT NULL,
  `vQtyBungkus` int(11) DEFAULT '0',
  `vQtyKitchen` int(11) DEFAULT '0',
  `vQtyServed` int(11) DEFAULT '0',
  `cDiscPers` decimal(9,2) DEFAULT NULL,
  `vDiscount` decimal(18,2) DEFAULT NULL,
  `vTotalHarga` decimal(18,2) DEFAULT NULL,
  `cKeterangan` varchar(250) DEFAULT NULL,
  `cSatuan` varchar(3) DEFAULT NULL,
  `vHarga` decimal(18,2) DEFAULT NULL,
  PRIMARY KEY (`cKdPesananDt`)
) ENGINE=MyISAM DEFAULT CHARSET=latin1;

/*Data for the table `tr_pesanandt` */

insert  into `tr_pesanandt`(`cIdx`,`cKdPesananDt`,`cKdPesanan`,`cIdTamu`,`cKdBarang`,`vQty`,`vQtyBungkus`,`vQtyKitchen`,`vQtyServed`,`cDiscPers`,`vDiscount`,`vTotalHarga`,`cKeterangan`,`cSatuan`,`vHarga`) values (0,'220150222054722001000','220150222054722001','220150222054722','123',3,0,3,0,0.00,0.00,15000.00,'','',5000.00),(1,'220150222054722001001','220150222054722001','220150222054722','2232',4,0,4,0,0.00,0.00,92000.00,'','',23000.00),(0,'220150222054722002000','220150222054722002','220150222054722','2232',3,0,3,0,0.00,0.00,69000.00,'','',23000.00),(1,'220150222054722002001','220150222054722002','220150222054722','43434',3,0,3,0,0.00,0.00,75000.00,'','',25000.00),(0,'220150226060426001000','220150226060426001','220150226060426','123',1,0,1,0,0.00,0.00,5000.00,'','',5000.00),(1,'220150226060426001001','220150226060426001','220150226060426','2232',1,0,1,0,0.00,0.00,23000.00,'','',23000.00),(2,'220150226060426001002','220150226060426001','220150226060426','43434',1,0,1,0,0.00,0.00,25000.00,'','',25000.00),(3,'220150226060426001003','220150226060426001','220150226060426','A01',1,0,1,0,0.00,0.00,24000.00,'','',24000.00),(4,'220150226060426001004','220150226060426001','220150226060426','A02',1,0,1,0,0.00,0.00,25000.00,'','',25000.00),(0,'220150224061324001000','220150224061324001','220150224061324','2232',1,0,1,0,0.00,0.00,23000.00,'','',23000.00),(1,'220150224061324001001','220150224061324001','220150224061324','43434',1,0,1,0,0.00,0.00,25000.00,'','',25000.00),(2,'220150224061324001002','220150224061324001','220150224061324','A01',1,0,1,0,0.00,0.00,24000.00,'','',24000.00),(3,'220150224061324001003','220150224061324001','220150224061324','A02',1,0,1,0,0.00,0.00,25000.00,'','',25000.00),(0,'220150209062409001000','220150209062409001','220150209062409','123',2,0,2,0,0.00,0.00,10000.00,'','',5000.00),(1,'220150209062409001001','220150209062409001','220150209062409','2232',2,0,2,0,0.00,0.00,46000.00,'','',23000.00),(2,'220150209062409001002','220150209062409001','220150209062409','43434',1,0,1,0,0.00,0.00,25000.00,'','',25000.00),(0,'220150209062409002000','220150209062409002','220150209062409','43434',4,0,4,0,0.00,0.00,100000.00,'','',25000.00),(1,'220150209062409002001','220150209062409002','220150209062409','2232',4,0,4,0,0.00,0.00,92000.00,'','',23000.00),(2,'220150209062409002002','220150209062409002','220150209062409','123',2,0,2,0,0.00,0.00,10000.00,'','',5000.00),(0,'220150209062409003000','220150209062409003','220150209062409','344411',2,0,2,0,0.00,0.00,18000.00,'','',9000.00),(1,'220150209062409003001','220150209062409003','220150209062409','5454',2,0,2,0,0.00,0.00,38000.00,'','',19000.00),(2,'220150209062409003002','220150209062409003','220150209062409','8989',1,0,1,0,0.00,0.00,15000.00,'','',15000.00),(0,'220150239063239001000','220150239063239001','220150239063239','123',3,0,3,0,0.00,0.00,15000.00,'','',5000.00),(0,'220150226060426002000','220150226060426002','220150226060426','123',1,0,1,0,0.00,0.00,5000.00,'','',5000.00),(1,'220150226060426002001','220150226060426002','220150226060426','2232',1,0,1,0,0.00,0.00,23000.00,'','',23000.00),(2,'220150226060426002002','220150226060426002','220150226060426','43434',1,0,1,0,0.00,0.00,25000.00,'','',25000.00),(0,'220150206062906001000','220150206062906001','220150206062906','123',1,0,1,0,0.00,0.00,5000.00,'','',5000.00),(1,'220150206062906001001','220150206062906001','220150206062906','2232',1,0,1,0,0.00,0.00,23000.00,'','',23000.00),(2,'220150206062906001002','220150206062906001','220150206062906','43434',1,0,1,0,0.00,0.00,25000.00,'','',25000.00),(3,'220150206062906001003','220150206062906001','220150206062906','A01',1,0,1,0,0.00,0.00,24000.00,'','',24000.00),(4,'220150206062906001004','220150206062906001','220150206062906','A02',1,0,1,0,0.00,0.00,25000.00,'','',25000.00),(0,'220150201073401001000','220150201073401001','220150201073401','123',1,0,1,0,0.00,0.00,5000.00,'','',5000.00),(1,'220150201073401001001','220150201073401001','220150201073401','2232',1,0,1,0,0.00,0.00,23000.00,'','',23000.00),(2,'220150201073401001002','220150201073401001','220150201073401','43434',1,0,1,0,0.00,0.00,25000.00,'','',25000.00),(3,'220150201073401001003','220150201073401001','220150201073401','A01',1,0,1,0,0.00,0.00,24000.00,'','',24000.00),(0,'220150201073401002000','220150201073401002','220150201073401','8989',1,0,1,0,0.00,0.00,15000.00,'','',15000.00),(1,'220150201073401002001','220150201073401002','220150201073401','5454',1,0,1,0,0.00,0.00,19000.00,'','',19000.00),(2,'220150201073401002002','220150201073401002','220150201073401','344411',1,0,1,0,0.00,0.00,9000.00,'','',9000.00),(0,'220150209100609001000','220150209100609001','220150209100609','123',1,0,1,0,0.00,0.00,5000.00,'','',5000.00),(1,'220150209100609001001','220150209100609001','220150209100609','2232',1,0,1,0,0.00,0.00,23000.00,'','',23000.00),(2,'220150209100609001002','220150209100609001','220150209100609','43434',1,0,1,0,0.00,0.00,25000.00,'','',25000.00),(0,'220150226101726001000','220150226101726001','220150226101726','123',1,0,1,0,0.00,0.00,5000.00,'','',5000.00),(0,'220150201073401003000','220150201073401003','220150201073401','123',1,0,1,0,0.00,0.00,5000.00,'','',5000.00),(1,'220150201073401003001','220150201073401003','220150201073401','2232',1,0,1,0,0.00,0.00,23000.00,'','',23000.00),(2,'220150201073401003002','220150201073401003','220150201073401','43434',1,0,1,0,0.00,0.00,25000.00,'','',25000.00),(3,'220150201073401003003','220150201073401003','220150201073401','A01',1,0,1,0,0.00,0.00,24000.00,'','',24000.00),(0,'220150201073401004000','220150201073401004','220150201073401','2232',1,0,1,0,0.00,0.00,23000.00,'','',23000.00),(1,'220150201073401004001','220150201073401004','220150201073401','43434',1,0,1,0,0.00,0.00,25000.00,'','',25000.00),(2,'220150201073401004002','220150201073401004','220150201073401','A01',1,0,1,0,0.00,0.00,24000.00,'','',24000.00),(0,'220150200111700001000','220150200111700001','220150200111700','123',1,0,1,0,0.00,0.00,5000.00,'','',5000.00),(0,'220150200111700002000','220150200111700002','220150200111700','2232',9,0,9,0,0.00,0.00,207000.00,'','',23000.00),(1,'220150200111700002001','220150200111700002','220150200111700','43434',71,0,71,0,0.00,0.00,1775000.00,'','',25000.00),(2,'220150200111700002002','220150200111700002','220150200111700','A01',7,0,7,0,0.00,0.00,168000.00,'','',24000.00),(3,'220150200111700002003','220150200111700002','220150200111700','A02',41,0,41,0,0.00,0.00,1025000.00,'','',25000.00),(4,'220150200111700002004','220150200111700002','220150200111700','8989',4,0,4,0,0.00,0.00,60000.00,'','',15000.00),(5,'220150200111700002005','220150200111700002','220150200111700','090778',7,0,7,0,0.00,0.00,140000.00,'','',20000.00),(6,'220150200111700002006','220150200111700002','220150200111700','12133',1,0,1,0,0.00,0.00,15000.00,'','',15000.00),(7,'220150200111700002007','220150200111700002','220150200111700','123',1,0,1,0,0.00,0.00,5000.00,'','',5000.00),(0,'220150200111700003000','220150200111700003','220150200111700','43434',41,0,41,0,0.00,0.00,1025000.00,'','',25000.00),(0,'220150252124552001000','220150252124552001','220150252124552','123',1,0,1,0,0.00,0.00,5000.00,'','',5000.00),(1,'220150252124552001001','220150252124552001','220150252124552','2232',1,0,1,0,0.00,0.00,23000.00,'','',23000.00),(2,'220150252124552001002','220150252124552001','220150252124552','43434',1,0,1,0,0.00,0.00,25000.00,'','',25000.00),(0,'220150243125243001000','220150243125243001','220150243125243','2232',1,0,1,0,0.00,0.00,23000.00,'','',23000.00),(1,'220150243125243001001','220150243125243001','220150243125243','43434',1,0,1,0,0.00,0.00,25000.00,'','',25000.00),(2,'220150243125243001002','220150243125243001','220150243125243','A01',1,0,1,0,0.00,0.00,24000.00,'','',24000.00),(0,'720150231130431001000','720150231130431001','720150231130431','123',2,0,2,0,0.00,0.00,10000.00,'','',5000.00),(1,'720150231130431001001','720150231130431001','720150231130431','2232',1,0,1,0,0.00,0.00,23000.00,'','',23000.00),(0,'220150229130629001000','220150229130629001','220150229130629','123',1,0,1,0,0.00,0.00,5000.00,'','',5000.00),(1,'220150229130629001001','220150229130629001','220150229130629','2232',1,0,1,0,0.00,0.00,23000.00,'','',23000.00),(0,'220150249130749001000','220150249130749001','220150249130749','2232',1,0,1,0,0.00,0.00,23000.00,'','',23000.00),(1,'220150249130749001001','220150249130749001','220150249130749','43434',2,0,2,0,0.00,0.00,50000.00,'','',25000.00),(2,'220150249130749001002','220150249130749001','220150249130749','123',1,0,1,0,0.00,0.00,5000.00,'','',5000.00),(0,'220150243125243002000','220150243125243002','220150243125243','090778',1,0,1,0,0.00,0.00,20000.00,'','',20000.00),(0,'220150202131102001000','220150202131102001','220150202131102','123',1,0,1,0,0.00,0.00,5000.00,'','',5000.00),(1,'220150202131102001001','220150202131102001','220150202131102','2232',1,0,1,0,0.00,0.00,23000.00,'','',23000.00),(0,'220150236131736001000','220150236131736001','220150236131736','123',1,0,1,0,0.00,0.00,5000.00,'','',5000.00),(1,'220150236131736001001','220150236131736001','220150236131736','2232',1,0,1,0,0.00,0.00,23000.00,'','',23000.00),(0,'220150210131410001000','220150210131410001','220150210131410','2232',3,0,3,0,0.00,0.00,69000.00,'','',23000.00),(0,'220150243125243003000','220150243125243003','220150243125243','123',1,0,1,0,0.00,0.00,5000.00,'','',5000.00),(1,'220150243125243003001','220150243125243003','220150243125243','090778',1,0,1,0,0.00,0.00,20000.00,'','',20000.00),(0,'220150218132718001000','220150218132718001','220150218132718','123',2,0,2,0,0.00,0.00,10000.00,'','',5000.00),(1,'220150218132718001001','220150218132718001','220150218132718','2232',1,0,1,0,0.00,0.00,23000.00,'','',23000.00),(0,'220150202131102002000','220150202131102002','220150202131102','123',2,0,2,0,0.00,0.00,10000.00,'','',5000.00),(1,'220150202131102002001','220150202131102002','220150202131102','090778',1,0,1,0,0.00,0.00,20000.00,'','',20000.00),(2,'220150202131102002002','220150202131102002','220150202131102','344411',2,0,2,0,0.00,0.00,18000.00,'','',9000.00),(0,'220150202131102003000','220150202131102003','220150202131102','123',1,0,1,0,0.00,0.00,5000.00,'','',5000.00),(1,'220150202131102003001','220150202131102003','220150202131102','2232',1,0,1,0,0.00,0.00,23000.00,'','',23000.00),(0,'220150249135549001000','220150249135549001','220150249135549','123',2,0,2,0,0.00,0.00,10000.00,'','',5000.00),(1,'220150249135549001001','220150249135549001','220150249135549','344411',2,0,2,0,0.00,0.00,18000.00,'','',9000.00),(0,'220150227140227001000','220150227140227001','220150227140227','A01',4,0,4,0,0.00,0.00,96000.00,'','',24000.00),(0,'220150231140731001000','220150231140731001','220150231140731','A01',4,0,4,0,0.00,0.00,96000.00,'','',24000.00),(0,'220150256141056001000','220150256141056001','220150256141056','2232',2,0,2,0,0.00,0.00,46000.00,'','',23000.00),(0,'220150216141316001000','220150216141316001','220150216141316','A01',3,0,3,0,0.00,0.00,72000.00,'','',24000.00),(0,'220150202145302001000','220150202145302001','220150202145302','123',1,0,1,0,0.00,0.00,5000.00,'','',5000.00),(1,'220150202145302001001','220150202145302001','220150202145302','2232',1,0,1,0,0.00,0.00,23000.00,'','',23000.00),(2,'220150202145302001002','220150202145302001','220150202145302','43434',1,0,1,0,0.00,0.00,25000.00,'','',25000.00),(3,'220150202145302001003','220150202145302001','220150202145302','A01',1,0,1,0,0.00,0.00,24000.00,'','',24000.00),(0,'220150230153230001000','220150230153230001','220150230153230','2232',1,0,1,0,0.00,0.00,23000.00,'','',23000.00),(1,'220150230153230001001','220150230153230001','220150230153230','43434',1,0,1,0,0.00,0.00,25000.00,'','',25000.00),(2,'220150230153230001002','220150230153230001','220150230153230','A01',1,0,1,0,0.00,0.00,24000.00,'','',24000.00),(0,'220150212153512001000','220150212153512001','220150212153512','2232',1,0,1,0,0.00,0.00,23000.00,'','',23000.00),(1,'220150212153512001001','220150212153512001','220150212153512','43434',1,0,1,0,0.00,0.00,25000.00,'','',25000.00),(2,'220150212153512001002','220150212153512001','220150212153512','A01',1,0,1,0,0.00,0.00,24000.00,'','',24000.00),(0,'220150211153811001000','220150211153811001','220150211153811','2232',2,0,2,0,0.00,0.00,46000.00,'','',23000.00),(1,'220150211153811001001','220150211153811001','220150211153811','43434',1,0,1,0,0.00,0.00,25000.00,'','',25000.00),(2,'220150211153811001002','220150211153811001','220150211153811','A01',1,0,1,0,0.00,0.00,24000.00,'','',24000.00),(0,'220150254153854001000','220150254153854001','220150254153854','A02',1,0,1,0,0.00,0.00,25000.00,'','',25000.00),(1,'220150254153854001001','220150254153854001','220150254153854','A01',1,0,1,0,0.00,0.00,24000.00,'','',24000.00),(2,'220150254153854001002','220150254153854001','220150254153854','2232',1,0,1,0,0.00,0.00,23000.00,'','',23000.00),(3,'220150254153854001003','220150254153854001','220150254153854','123',1,0,1,0,0.00,0.00,5000.00,'','',5000.00),(0,'220150251154751001000','220150251154751001','220150251154751','2232',2,0,2,0,0.00,0.00,46000.00,'','',23000.00),(1,'220150251154751001001','220150251154751001','220150251154751','A01',1,0,1,0,0.00,0.00,24000.00,'','',24000.00),(0,'220150254153854002000','220150254153854002','220150254153854','123',1,0,1,0,0.00,0.00,5000.00,'','',5000.00),(1,'220150254153854002001','220150254153854002','220150254153854','2232',1,0,1,0,0.00,0.00,23000.00,'','',23000.00),(2,'220150254153854002002','220150254153854002','220150254153854','43434',1,0,1,0,0.00,0.00,25000.00,'','',25000.00),(0,'220150239160739001000','220150239160739001','220150239160739','43434',3,0,3,0,0.00,0.00,75000.00,'','',25000.00),(1,'220150239160739001001','220150239160739001','220150239160739','A02',2,0,2,0,0.00,0.00,50000.00,'','',25000.00),(0,'220150251154751002000','220150251154751002','220150251154751','43434',1,0,1,0,0.00,0.00,25000.00,'','',25000.00),(1,'220150251154751002001','220150251154751002','220150251154751','A01',1,0,1,0,0.00,0.00,24000.00,'','',24000.00),(2,'220150251154751002002','220150251154751002','220150251154751','2232',1,0,1,0,0.00,0.00,23000.00,'','',23000.00),(0,'220150211153811002000','220150211153811002','220150211153811','123',1,0,1,0,0.00,0.00,5000.00,'','',5000.00),(1,'220150211153811002001','220150211153811002','220150211153811','2232',1,0,1,0,0.00,0.00,23000.00,'','',23000.00),(2,'220150211153811002002','220150211153811002','220150211153811','43434',1,0,1,0,0.00,0.00,25000.00,'','',25000.00),(3,'220150211153811002003','220150211153811002','220150211153811','A01',1,0,1,0,0.00,0.00,24000.00,'','',24000.00),(0,'220150251162751001000','220150251162751001','220150251162751','123',2,0,2,0,0.00,0.00,10000.00,'','',5000.00),(1,'220150251162751001001','220150251162751001','220150251162751','2232',1,0,1,0,0.00,0.00,23000.00,'','',23000.00),(0,'220150211163211001000','220150211163211001','220150211163211','123',2,0,2,0,0.00,0.00,10000.00,'','',5000.00),(1,'220150211163211001001','220150211163211001','220150211163211','2232',1,0,1,0,0.00,0.00,23000.00,'','',23000.00),(0,'220150211163411001000','220150211163411001','220150211163411','5454',1,0,1,0,0.00,0.00,19000.00,'','',19000.00),(1,'220150211163411001001','220150211163411001','220150211163411','344411',1,0,1,0,0.00,0.00,9000.00,'','',9000.00),(2,'220150211163411001002','220150211163411001','220150211163411','8989',1,0,1,0,0.00,0.00,15000.00,'','',15000.00),(0,'220150227162627001000','220150227162627001','220150227162627','2232',1,0,1,0,0.00,0.00,23000.00,'','',23000.00),(1,'220150227162627001001','220150227162627001','220150227162627','123',1,0,1,0,0.00,0.00,5000.00,'','',5000.00),(2,'220150227162627001002','220150227162627001','220150227162627','43434',1,0,1,0,0.00,0.00,25000.00,'','',25000.00),(0,'220150245163645001000','220150245163645001','220150245163645','123',2,0,2,0,0.00,0.00,10000.00,'','',5000.00),(0,'220150211164011001000','220150211164011001','220150211164011','123',2,0,2,0,0.00,0.00,10000.00,'','',5000.00),(0,'220150211164011002000','220150211164011002','220150211164011','344411',2,0,2,0,0.00,0.00,18000.00,'','',9000.00),(0,'220150242164142001000','220150242164142001','220150242164142','123',2,0,2,0,0.00,0.00,10000.00,'','',5000.00),(1,'220150242164142001001','220150242164142001','220150242164142','344411',2,0,2,0,0.00,0.00,18000.00,'','',9000.00),(0,'220150241164441001000','220150241164441001','220150241164441','A01',2,0,2,0,0.00,0.00,48000.00,'','',24000.00),(1,'220150241164441001001','220150241164441001','220150241164441','2232',2,0,2,0,0.00,0.00,46000.00,'','',23000.00),(2,'220150241164441001002','220150241164441001','220150241164441','344411',2,0,2,0,0.00,0.00,18000.00,'','',9000.00),(3,'220150241164441001003','220150241164441001','220150241164441','8989',2,0,2,0,0.00,0.00,30000.00,'','',15000.00),(0,'220150242164142002000','220150242164142002','220150242164142','123',2,0,2,0,0.00,0.00,10000.00,'','',5000.00),(0,'220150242164142003000','220150242164142003','220150242164142','12133',2,0,2,0,0.00,0.00,30000.00,'','',15000.00),(0,'220150211164011003000','220150211164011003','220150211164011','A01',2,0,2,0,0.00,0.00,48000.00,'','',24000.00),(0,'220150248164948001000','220150248164948001','220150248164948','123',2,0,2,0,0.00,0.00,10000.00,'','',5000.00),(1,'220150248164948001001','220150248164948001','220150248164948','344411',2,0,2,0,0.00,0.00,18000.00,'','',9000.00),(0,'220150248164948002000','220150248164948002','220150248164948','123',4,0,4,0,0.00,0.00,20000.00,'','',5000.00),(1,'220150248164948002001','220150248164948002','220150248164948','2232',1,0,1,0,0.00,0.00,23000.00,'','',23000.00),(2,'220150248164948002002','220150248164948002','220150248164948','43434',1,0,1,0,0.00,0.00,25000.00,'','',25000.00),(0,'220150241164441002000','220150241164441002','220150241164441','123',1,0,1,0,0.00,0.00,5000.00,'','',5000.00),(0,'220150235172235001000','220150235172235001','220150235172235','123',2,0,2,0,0.00,0.00,10000.00,'','',5000.00),(0,'220150235172235002000','220150235172235002','220150235172235','123',2,0,2,0,0.00,0.00,10000.00,'','',5000.00),(0,'220150211172611001000','220150211172611001','220150211172611','123',1,0,1,0,0.00,0.00,5000.00,'','',5000.00),(1,'220150211172611001001','220150211172611001','220150211172611','2232',1,0,1,0,0.00,0.00,23000.00,'','',23000.00),(2,'220150211172611001002','220150211172611001','220150211172611','344411',1,0,1,0,0.00,0.00,9000.00,'','',9000.00),(3,'220150211172611001003','220150211172611001','220150211172611','090778',1,0,1,0,0.00,0.00,20000.00,'','',20000.00),(0,'220150211172611002000','220150211172611002','220150211172611','344411',1,0,1,0,0.00,0.00,9000.00,'','',9000.00),(0,'220150211172611003000','220150211172611003','220150211172611','090778',5,0,5,0,0.00,0.00,100000.00,'','',20000.00),(1,'220150211172611003001','220150211172611003','220150211172611','23456',1,0,1,0,0.00,0.00,2500.00,'','',2500.00),(2,'220150211172611003002','220150211172611003','220150211172611','344411',1,0,1,0,0.00,0.00,9000.00,'','',9000.00),(0,'220150225165025002000','220150225165025002','220150225165025','123',2,0,2,0,0.00,0.00,10000.00,'','',5000.00),(1,'220150225165025002001','220150225165025002','220150225165025','2232',2,0,2,0,0.00,0.00,46000.00,'','',23000.00),(0,'220150204173104001000','220150204173104001','220150204173104','123',5,0,5,0,0.00,0.00,25000.00,'','',5000.00),(0,'220150204173104002000','220150204173104002','220150204173104','123',2,0,2,0,0.00,0.00,10000.00,'','',5000.00),(1,'220150204173104002001','220150204173104002','220150204173104','2232',1,0,1,0,0.00,0.00,23000.00,'','',23000.00),(0,'220150235173235001000','220150235173235001','220150235173235','123',0,0,0,0,0.00,0.00,0.00,'','',5000.00),(1,'220150235173235001001','220150235173235001','220150235173235','2232',0,0,0,0,0.00,0.00,0.00,'','',23000.00),(0,'220150204173104003000','220150204173104003','220150204173104','123',1,0,1,0,0.00,0.00,5000.00,'','',5000.00),(1,'220150204173104003001','220150204173104003','220150204173104','2232',1,0,1,0,0.00,0.00,23000.00,'','',23000.00),(0,'220150204173104004000','220150204173104004','220150204173104','123',3,0,3,0,0.00,0.00,15000.00,'','',5000.00),(0,'220150239173539001000','220150239173539001','220150239173539','123',2,0,2,0,0.00,0.00,10000.00,'','',5000.00),(1,'220150239173539001001','220150239173539001','220150239173539','2232',1,0,1,0,0.00,0.00,23000.00,'','',23000.00),(0,'220150239173539002000','220150239173539002','220150239173539','123',1,0,1,0,0.00,0.00,5000.00,'','',5000.00),(0,'120150241204841001000','120150241204841001','120150241204841','2232',1,0,1,0,0.00,0.00,23000.00,'','',23000.00),(1,'120150241204841001001','120150241204841001','120150241204841','43434',1,0,1,0,0.00,0.00,25000.00,'','',25000.00),(2,'120150241204841001002','120150241204841001','120150241204841','344411',2,0,2,0,0.00,0.00,18000.00,'','',9000.00),(0,'120150214205114001000','120150214205114001','120150214205114','123',2,0,2,0,0.00,0.00,10000.00,'','',5000.00),(0,'120150209205309001000','120150209205309001','120150209205309','2232',2,0,2,0,0.00,0.00,46000.00,'','',23000.00),(0,'220150208222708001000','220150208222708001','220150208222708','123',1,0,1,0,0.00,0.00,5000.00,'','',5000.00),(1,'220150208222708001001','220150208222708001','220150208222708','A01',2,0,2,0,0.00,0.00,48000.00,'','',24000.00),(2,'220150208222708001002','220150208222708001','220150208222708','344411',1,0,1,0,0.00,0.00,9000.00,'','',9000.00),(3,'220150208222708001003','220150208222708001','220150208222708','5454',1,0,1,0,0.00,0.00,19000.00,'','',19000.00),(0,'220150214222914001000','220150214222914001','220150214222914','123',3,0,3,0,0.00,0.00,15000.00,'','',5000.00),(0,'220150258230058001000','220150258230058001','220150258230058','123',2,0,2,0,0.00,0.00,10000.00,'','',5000.00),(1,'220150258230058001001','220150258230058001','220150258230058','43434',1,0,1,0,0.00,0.00,25000.00,'','',25000.00),(2,'220150258230058001002','220150258230058001','220150258230058','2232',1,0,1,0,0.00,0.00,23000.00,'','',23000.00),(3,'220150258230058001003','220150258230058001','220150258230058','090778',4,0,4,0,0.00,0.00,80000.00,'','',20000.00),(4,'220150258230058001004','220150258230058001','220150258230058','12133',1,0,1,0,0.00,0.00,15000.00,'','',15000.00),(0,'720150229231529001000','720150229231529001','720150229231529','2232',1,0,1,0,0.00,0.00,23000.00,'','',23000.00),(1,'720150229231529001001','720150229231529001','720150229231529','A01',1,0,1,0,0.00,0.00,24000.00,'','',24000.00),(2,'720150229231529001002','720150229231529001','720150229231529','A02',1,0,1,0,0.00,0.00,25000.00,'','',25000.00),(3,'720150229231529001003','720150229231529001','720150229231529','344411',2,0,2,0,0.00,0.00,18000.00,'rtt\n','',9000.00),(0,'720150324054824001000','720150324054824001','720150324054824','123',1,0,1,0,0.00,0.00,5000.00,'','',5000.00),(1,'720150324054824001001','720150324054824001','720150324054824','2232',2,0,2,0,0.00,0.00,46000.00,'','',23000.00),(2,'720150324054824001002','720150324054824001','720150324054824','43434',1,0,1,0,0.00,0.00,25000.00,'','',25000.00),(0,'220150258230058002000','220150258230058002','220150258230058','2232',1,0,1,0,0.00,0.00,23000.00,'','',23000.00),(1,'220150258230058002001','220150258230058002','220150258230058','123',1,0,1,0,0.00,0.00,5000.00,'','',5000.00),(0,'220150301055601001000','220150301055601001','220150301055601','A01',3,0,3,0,0.00,0.00,72000.00,'','',24000.00),(0,'120150327042427001000','120150327042427001','120150327042427','123',1,0,1,0,0.00,0.00,5000.00,'','',5000.00),(1,'120150327042427001001','120150327042427001','120150327042427','2232',1,0,1,0,0.00,0.00,23000.00,'','',23000.00),(2,'120150327042427001002','120150327042427001','120150327042427','43434',1,0,1,0,0.00,0.00,25000.00,'','',25000.00),(3,'120150327042427001003','120150327042427001','120150327042427','090778',1,0,1,0,0.00,0.00,20000.00,'','',20000.00),(4,'120150327042427001004','120150327042427001','120150327042427','12133',1,0,1,0,0.00,0.00,15000.00,'','',15000.00),(0,'120150338072938001000','120150338072938001','120150338072938','A01',1,0,1,0,0.00,0.00,24000.00,'','',24000.00),(1,'120150338072938001001','120150338072938001','120150338072938','A02',1,0,1,0,0.00,0.00,25000.00,'','',25000.00),(2,'120150338072938001002','120150338072938001','120150338072938','8989',2,0,2,0,0.00,0.00,30000.00,'','',15000.00),(0,'220150300094600001000','220150300094600001','220150300094600','5454',4,0,4,0,0.00,0.00,76000.00,'','',19000.00),(1,'220150300094600001001','220150300094600001','220150300094600','43434',2,0,2,0,0.00,0.00,50000.00,'','',25000.00),(2,'220150300094600001002','220150300094600001','220150300094600','2232',1,0,1,0,0.00,0.00,23000.00,'','',23000.00),(3,'220150300094600001003','220150300094600001','220150300094600','123',1,0,1,0,0.00,0.00,5000.00,'','',5000.00),(0,'220150357094957001000','220150357094957001','220150357094957','8989',2,0,2,0,0.00,0.00,30000.00,'','',15000.00),(1,'220150357094957001001','220150357094957001','220150357094957','5454',2,0,2,0,0.00,0.00,38000.00,'','',19000.00),(2,'220150357094957001002','220150357094957001','220150357094957','43434',1,0,1,0,0.00,0.00,25000.00,'','',25000.00),(3,'220150357094957001003','220150357094957001','220150357094957','A01',1,0,1,0,0.00,0.00,24000.00,'','',24000.00),(4,'220150357094957001004','220150357094957001','220150357094957','A02',1,0,1,0,0.00,0.00,25000.00,'','',25000.00),(5,'220150357094957001005','220150357094957001','220150357094957','2232',2,0,2,0,0.00,0.00,46000.00,'','',23000.00),(0,'220150328091528001000','220150328091528001','220150328091528','43434',1,0,1,0,0.00,0.00,25000.00,'','',25000.00),(1,'220150328091528001001','220150328091528001','220150328091528','A02',1,0,1,0,0.00,0.00,25000.00,'','',25000.00),(2,'220150328091528001002','220150328091528001','220150328091528','5454',2,0,2,0,0.00,0.00,38000.00,'','',19000.00),(0,'120150316003116001000','120150316003116001','120150316003116','123',2,0,2,0,0.00,0.00,10000.00,'','',5000.00),(1,'120150316003116001001','120150316003116001','120150316003116','2232',1,0,1,0,0.00,0.00,23000.00,'','',23000.00),(0,'220150324022824001000','220150324022824001','220150324022824','123',1,0,1,0,0.00,0.00,5000.00,'','',5000.00),(1,'220150324022824001001','220150324022824001','220150324022824','2232',1,0,1,0,0.00,0.00,23000.00,'','',23000.00),(1,'220150338092138002001','220150338092138002','220150338092138','A01',1,0,1,0,0.00,0.00,24000.00,'','',24000.00),(0,'520150313034313001000','520150313034313001','520150313034313','123',1,0,1,0,0.00,0.00,5000.00,'','',5000.00),(1,'520150313034313001001','520150313034313001','520150313034313','2232',1,0,1,0,0.00,0.00,23000.00,'','',23000.00),(2,'520150313034313001002','520150313034313001','520150313034313','43434',1,0,1,0,0.00,0.00,25000.00,'','',25000.00),(0,'620150312040112001000','620150312040112001','620150312040112','123',3,0,3,0,0.00,0.00,15000.00,'','',5000.00),(0,'420150328142528001000','420150328142528001','420150328142528','A01',1,0,1,0,0.00,0.00,24000.00,'','',24000.00),(1,'420150328142528001001','420150328142528001','420150328142528','2232',1,0,1,0,0.00,0.00,23000.00,'','',23000.00),(0,'420150328142528002000','420150328142528002','420150328142528','2232',3,0,3,0,0.00,0.00,69000.00,'','',23000.00),(1,'420150328142528002001','420150328142528002','420150328142528','A01',3,0,3,0,0.00,0.00,72000.00,'','',24000.00),(2,'420150328142528002002','420150328142528002','420150328142528','A02',1,0,1,0,0.00,0.00,25000.00,'','',25000.00),(3,'420150328142528002003','420150328142528002','420150328142528','123',1,0,1,0,0.00,0.00,5000.00,'','',5000.00),(4,'420150328142528002004','420150328142528002','420150328142528','43434',1,0,1,0,0.00,0.00,25000.00,'','',25000.00),(5,'420150328142528002005','420150328142528002','420150328142528','090778',1,0,1,0,0.00,0.00,20000.00,'','',20000.00),(6,'420150328142528002006','420150328142528002','420150328142528','23456',1,0,1,0,0.00,0.00,2500.00,'','',2500.00),(7,'420150328142528002007','420150328142528002','420150328142528','344411',1,0,1,0,0.00,0.00,9000.00,'','',9000.00),(8,'420150328142528002008','420150328142528002','420150328142528','5454',2,0,2,0,0.00,0.00,38000.00,'','',19000.00),(9,'420150328142528002009','420150328142528002','420150328142528','8989',1,0,1,0,0.00,0.00,15000.00,'','',15000.00),(10,'420150328142528002010','420150328142528002','420150328142528','12133',2,0,2,0,0.00,0.00,30000.00,'','',15000.00),(0,'220150332150232001000','220150332150232001','220150332150232','2232',1,0,1,0,0.00,0.00,23000.00,'','',23000.00),(1,'220150332150232001001','220150332150232001','220150332150232','A01',2,0,2,0,0.00,0.00,48000.00,'','',24000.00),(2,'220150332150232001002','220150332150232001','220150332150232','A02',1,0,1,0,0.00,0.00,25000.00,'','',25000.00),(3,'220150332150232001003','220150332150232001','220150332150232','43434',1,0,1,0,0.00,0.00,25000.00,'','',25000.00),(0,'120150327042427002000','120150327042427002','120150327042427','2232',1,0,1,0,0.00,0.00,23000.00,'','',23000.00),(1,'120150327042427002001','120150327042427002','120150327042427','344411',1,0,1,0,0.00,0.00,9000.00,'','',9000.00),(0,'620150312040112002000','620150312040112002','620150312040112','A01',1,0,1,0,0.00,0.00,24000.00,'','',24000.00),(1,'620150312040112002001','620150312040112002','620150312040112','43434',1,0,1,0,0.00,0.00,25000.00,'','',25000.00),(2,'620150312040112002002','620150312040112002','620150312040112','090778',1,0,1,0,0.00,0.00,20000.00,'','',20000.00),(3,'620150312040112002003','620150312040112002','620150312040112','344411',1,0,1,0,0.00,0.00,9000.00,'','',9000.00),(0,'520150352001752001000','520150352001752001','520150352001752','123',3,0,3,0,0.00,0.00,15000.00,'','',5000.00),(1,'520150352001752001001','520150352001752001','520150352001752','43434',2,0,2,0,0.00,0.00,50000.00,'','',25000.00),(0,'520150352001752002000','520150352001752002','520150352001752','090778',2,0,2,0,0.00,0.00,40000.00,'','',20000.00),(1,'520150352001752002001','520150352001752002','520150352001752','344411',1,0,1,0,0.00,0.00,9000.00,'','',9000.00),(0,'220150338092138003000','220150338092138003','220150338092138','123',5,0,5,0,0.00,0.00,5000.00,'testesetset','',5000.00),(0,'220150356054956001000','220150356054956001','220150356054956','123',2,0,2,0,0.00,0.00,10000.00,'','',5000.00),(2,'220150324022824001002','220150324022824001','220150324022824','43434',1,0,1,0,0.00,0.00,25000.00,'','',25000.00),(0,'220150357022957001000','220150357022957001','220150357022957','123',2,0,2,0,0.00,0.00,10000.00,'','',5000.00),(1,'220150357022957001001','220150357022957001','220150357022957','2232',1,0,1,0,0.00,0.00,23000.00,'','',23000.00),(0,'220150316110916001000','220150316110916001','220150316110916','A02',5,0,5,0,0.00,0.00,50000.00,'','',25000.00),(1,'220150316110916001001','220150316110916001','220150316110916','A01',1,0,1,0,0.00,0.00,24000.00,'','',24000.00),(1,'220150356054956001001','220150356054956001','220150356054956','2232',1,0,1,0,0.00,0.00,23000.00,'','',23000.00),(2,'220150356054956001002','220150356054956001','220150356054956','090778',1,0,1,0,0.00,0.00,20000.00,'','',20000.00),(3,'220150356054956001003','220150356054956001','220150356054956','344411',1,0,1,0,0.00,0.00,9000.00,'','',9000.00),(4,'220150356054956001004','220150356054956001','220150356054956','SUKA',1,0,1,0,0.00,0.00,50000.00,'','',50000.00),(0,'220150338092138004000','220150338092138004','220150338092138','SUKA',1,0,1,0,0.00,0.00,50000.00,'','',50000.00),(0,'120150333134333001000','120150333134333001','120150333134333','123',2,0,2,0,0.00,0.00,10000.00,'','',5000.00),(1,'120150333134333001001','120150333134333001','120150333134333','43434',2,0,2,0,0.00,0.00,50000.00,'','',25000.00),(2,'120150333134333001002','120150333134333001','120150333134333','344411',2,0,2,0,0.00,0.00,18000.00,'','',9000.00),(3,'120150333134333001003','120150333134333001','120150333134333','8989',1,0,1,0,0.00,0.00,15000.00,'','',15000.00),(0,'220150338092138005000','220150338092138005','220150338092138','123',1,0,1,0,0.00,0.00,5000.00,'','',5000.00),(1,'220150338092138005001','220150338092138005','220150338092138','2232',1,0,1,0,0.00,0.00,23000.00,'','',23000.00),(0,'220150336110836001000','220150336110836001','220150336110836','A02',2,0,2,0,0.00,0.00,25000.00,'','',25000.00),(1,'220150336110836001001','220150336110836001','220150336110836','123',2,0,2,0,0.00,0.00,10000.00,'','',5000.00),(2,'220150336110836001002','220150336110836001','220150336110836','2232',1,0,1,0,0.00,0.00,23000.00,'','',23000.00),(3,'220150336110836001003','220150336110836001','220150336110836','43434',1,0,1,0,0.00,0.00,25000.00,'','',25000.00),(0,'220150332114032001000','220150332114032001','220150332114032','43434',1,0,1,0,0.00,0.00,25000.00,'','',25000.00),(1,'220150332114032001001','220150332114032001','220150332114032','2232',1,0,1,0,0.00,0.00,23000.00,'','',23000.00),(0,'420150351122651001000','420150351122651001','420150351122651','43434',2,0,2,0,0.00,0.00,50000.00,'','',25000.00),(1,'420150351122651001001','420150351122651001','420150351122651','23456',1,0,1,0,0.00,0.00,2500.00,'','',2500.00),(2,'420150351122651001002','420150351122651001','420150351122651','344411',1,0,1,0,0.00,0.00,9000.00,'','',9000.00),(0,'220150305122805001000','220150305122805001','220150305122805','2232',1,0,1,0,0.00,0.00,23000.00,'','',23000.00),(0,'220150350155850001000','220150350155850001','220150350155850','123',1,0,1,0,0.00,0.00,5000.00,'','',5000.00),(1,'220150350155850001001','220150350155850001','220150350155850','2232',1,0,1,0,0.00,0.00,23000.00,'','',23000.00),(2,'220150350155850001002','220150350155850001','220150350155850','43434',1,0,1,0,0.00,0.00,25000.00,'','',25000.00),(3,'220150350155850001003','220150350155850001','220150350155850','SUKA',1,0,1,0,0.00,0.00,50000.00,'','',50000.00),(4,'220150350155850001004','220150350155850001','220150350155850','12133',1,0,1,0,0.00,0.00,15000.00,'','',15000.00),(0,'220150336110836002000','220150336110836002','220150336110836','123',1,0,1,0,0.00,0.00,5000.00,'','',5000.00),(0,'220150306165706001000','220150306165706001','220150306165706','2232',1,0,1,0,0.00,0.00,23000.00,'','',23000.00),(0,'220150310165910001000','220150310165910001','220150310165910','123',1,0,1,0,0.00,0.00,5000.00,'','',5000.00),(0,'220150325170925002000','220150325170925002','220150325170925','123',1,0,1,0,0.00,0.00,5000.00,'','',5000.00),(0,'220150312210812001000','220150312210812001','220150312210812','2232',2,0,2,0,0.00,0.00,46000.00,'','',23000.00),(0,'220150316110916002000','220150316110916002','220150316110916','123',2,0,2,0,0.00,0.00,10000.00,'','',5000.00),(0,'220150336110836003000','220150336110836003','220150336110836','123',2,0,2,0,0.00,0.00,10000.00,'','',5000.00),(0,'220150336110836004000','220150336110836004','220150336110836','2232',1,0,1,0,0.00,0.00,23000.00,'','',23000.00),(1,'220150336110836004001','220150336110836004','220150336110836','123',1,0,1,0,0.00,0.00,5000.00,'','',5000.00),(0,'220150336110836005000','220150336110836005','220150336110836','2232',1,0,1,0,0.00,0.00,23000.00,'','',23000.00),(1,'220150336110836005001','220150336110836005','220150336110836','123',1,0,1,0,0.00,0.00,5000.00,'','',5000.00),(2,'220150336110836005002','220150336110836005','220150336110836','43434',0,0,0,0,0.00,0.00,0.00,'','',25000.00),(0,'220150327224127001000','220150327224127001','220150327224127','A02',1,0,1,0,0.00,0.00,25000.00,'','',25000.00),(1,'220150327224127001001','220150327224127001','220150327224127','123',1,0,1,0,0.00,0.00,5000.00,'','',5000.00),(2,'220150327224127001002','220150327224127001','220150327224127','8989',1,0,1,0,0.00,0.00,15000.00,'','',15000.00),(3,'220150327224127001003','220150327224127001','220150327224127','5454',1,0,1,0,0.00,0.00,19000.00,'','',19000.00),(4,'220150327224127001004','220150327224127001','220150327224127','12133',1,0,1,0,0.00,0.00,15000.00,'','',15000.00),(5,'220150327224127001005','220150327224127001','220150327224127','SUKA',1,0,1,0,0.00,0.00,50000.00,'','',50000.00),(0,'120150315000615001000','120150315000615001','120150315000615','123',1,0,1,0,0.00,0.00,5000.00,'','',5000.00),(1,'120150315000615001001','120150315000615001','120150315000615','2232',2,0,2,0,0.00,0.00,46000.00,'','',23000.00),(0,'220150312210812002000','220150312210812002','220150312210812','SUKA',1,0,1,0,0.00,0.00,50000.00,'','',50000.00),(0,'220150312210812003000','220150312210812003','220150312210812','123',2,0,2,0,0.00,0.00,10000.00,'','',5000.00),(0,'120150327081227001000','120150327081227001','120150327081227','123',2,0,2,0,0.00,0.00,10000.00,'','',5000.00),(1,'120150327081227001001','120150327081227001','120150327081227','2232',1,0,1,0,0.00,0.00,23000.00,'','',23000.00),(2,'120150327081227001002','120150327081227001','120150327081227','090778',2,0,2,0,0.00,0.00,40000.00,'','',20000.00),(0,'220150312210812004000','220150312210812004','220150312210812','SUKA',1,0,1,0,0.00,0.00,50000.00,'','',50000.00),(0,'220150312210812005000','220150312210812005','220150312210812','A02',1,0,1,0,0.00,0.00,25000.00,'','',25000.00),(1,'220150312210812005001','220150312210812005','220150312210812','A01',1,0,1,0,0.00,0.00,24000.00,'','',24000.00),(2,'220150312210812005002','220150312210812005','220150312210812','2232',1,0,1,0,0.00,0.00,23000.00,'','',23000.00),(3,'220150312210812005003','220150312210812005','220150312210812','123',1,0,1,0,0.00,0.00,5000.00,'','',5000.00),(0,'220150312210812006000','220150312210812006','220150312210812','SUKA',1,0,1,0,0.00,0.00,50000.00,'','',50000.00),(0,'120150323023123001000','120150323023123001','120150323023123','123',1,0,1,0,0.00,0.00,5000.00,'','',5000.00),(0,'220150304094404001000','220150304094404001','220150304094404','123',1,0,1,0,0.00,0.00,5000.00,'','',5000.00),(0,'220150324232124001000','220150324232124001','220150324232124','123',1,0,1,0,0.00,0.00,5000.00,'','',5000.00),(0,'220150308232308001000','220150308232308001','220150308232308','123',1,0,1,0,0.00,0.00,5000.00,'','',5000.00),(1,'220150308232308001001','220150308232308001','220150308232308','2232',1,0,1,0,0.00,0.00,23000.00,'','',23000.00),(0,'220150357232857001000','220150357232857001','220150357232857','123',3,0,3,0,0.00,0.00,15000.00,'','',5000.00),(1,'220150357232857001001','220150357232857001','220150357232857','SUKA',2,0,2,0,0.00,0.00,100000.00,'','',50000.00),(2,'220150357232857001002','220150357232857001','220150357232857','23456',1,0,1,0,0.00,0.00,2500.00,'','',2500.00),(3,'220150357232857001003','220150357232857001','220150357232857','090778',1,0,1,0,0.00,0.00,20000.00,'','',20000.00),(0,'220150325233525001000','220150325233525001','220150325233525','2232',1,0,1,0,0.00,0.00,23000.00,'','',23000.00),(1,'220150325233525001001','220150325233525001','220150325233525','43434',1,0,1,0,0.00,0.00,25000.00,'','',25000.00),(2,'220150325233525001002','220150325233525001','220150325233525','A01',1,0,1,0,0.00,0.00,24000.00,'','',24000.00),(3,'220150325233525001003','220150325233525001','220150325233525','A02',1,0,1,0,0.00,0.00,25000.00,'','',25000.00),(0,'220150332234132001000','220150332234132001','220150332234132','2232',5,0,5,0,0.00,0.00,115000.00,'','',23000.00),(0,'120150336100436001000','120150336100436001','120150336100436','43434',1,0,1,0,0.00,0.00,25000.00,'','',25000.00),(1,'120150336100436001001','120150336100436001','120150336100436','2232',1,0,1,0,0.00,0.00,23000.00,'','',23000.00),(2,'120150336100436001002','120150336100436001','120150336100436','344411',1,0,1,0,0.00,0.00,9000.00,'','',9000.00),(3,'120150336100436001003','120150336100436001','120150336100436','090778',1,0,1,0,0.00,0.00,20000.00,'','',20000.00),(4,'120150336100436001004','120150336100436001','120150336100436','12133',1,0,1,0,0.00,0.00,15000.00,'','',15000.00),(0,'120150346100646001000','120150346100646001','120150346100646','123',2,0,2,0,0.00,0.00,10000.00,'','',5000.00),(0,'120150305230305001000','120150305230305001','120150305230305','A01',1,0,1,0,0.00,0.00,24000.00,'','',24000.00),(1,'120150305230305001001','120150305230305001','120150305230305','43434',1,0,1,0,0.00,0.00,25000.00,'','',25000.00),(0,'120150309002309001000','120150309002309001','120150309002309','344411',1,0,1,0,0.00,0.00,9000.00,'','',9000.00),(1,'120150309002309001001','120150309002309001','120150309002309','A01',8,0,8,0,0.00,0.00,192000.00,'','',24000.00),(0,'120150336100436002000','120150336100436002','120150336100436','2232',29,0,29,0,0.00,0.00,667000.00,'','',23000.00),(1,'120150336100436002001','120150336100436002','120150336100436','5454',28,0,28,0,0.00,0.00,532000.00,'','',19000.00),(2,'120150336100436002002','120150336100436002','120150336100436','344411',3,0,3,0,0.00,0.00,27000.00,'','',9000.00),(3,'120150336100436002003','120150336100436002','120150336100436','12133',9,0,9,0,0.00,0.00,135000.00,'','',15000.00),(4,'120150336100436002004','120150336100436002','120150336100436','SUKA',5,0,5,0,0.00,0.00,250000.00,'','',50000.00),(0,'220150345104045001000','220150345104045001','220150345104045','123',2,0,2,0,0.00,0.00,10000.00,'','',5000.00),(1,'220150345104045001001','220150345104045001','220150345104045','090778',1,0,1,0,0.00,0.00,20000.00,'','',20000.00),(2,'220150345104045001002','220150345104045001','220150345104045','344411',1,0,1,0,0.00,0.00,9000.00,'','',9000.00),(0,'220150345104045002000','220150345104045002','220150345104045','23456',1,0,1,0,0.00,0.00,2500.00,'','',2500.00),(0,'220150357105257001000','220150357105257001','220150357105257','2232',1,0,1,0,0.00,0.00,23000.00,'','',23000.00),(1,'220150357105257001001','220150357105257001','220150357105257','A01',1,0,1,0,0.00,0.00,24000.00,'','',24000.00),(2,'220150357105257001002','220150357105257001','220150357105257','A02',1,0,1,0,0.00,0.00,25000.00,'','',25000.00),(3,'220150357105257001003','220150357105257001','220150357105257','5454',1,0,1,0,0.00,0.00,19000.00,'','',19000.00),(4,'220150357105257001004','220150357105257001','220150357105257','8989',1,0,1,0,0.00,0.00,15000.00,'','',15000.00),(5,'220150357105257001005','220150357105257001','220150357105257','090778',1,0,1,0,0.00,0.00,20000.00,'','',20000.00),(0,'220150307105707001000','220150307105707001','220150307105707','123',2,0,2,0,0.00,0.00,10000.00,'','',5000.00),(0,'220150301105801001000','220150301105801001','220150301105801','123',2,0,2,0,0.00,0.00,10000.00,'','',5000.00),(0,'220150356235856001000','220150356235856001','220150356235856','A01',1,0,1,0,0.00,0.00,24000.00,'','',24000.00),(1,'220150356235856001001','220150356235856001','220150356235856','344411',1,0,1,0,0.00,0.00,9000.00,'','',9000.00),(0,'220150356235856003000','220150356235856003','220150356235856','A02',1,0,1,0,0.00,0.00,25000.00,'','',25000.00),(0,'220150356235856004000','220150356235856004','220150356235856','123',3,0,3,0,0.00,0.00,15000.00,'','',5000.00),(0,'220150356235856005000','220150356235856005','220150356235856','2232',2,0,2,0,0.00,0.00,46000.00,'','',23000.00),(0,'220150305002705001000','220150305002705001','220150305002705','123',2,0,2,0,0.00,0.00,10000.00,'','',5000.00),(0,'120150331004231002000','120150331004231002','120150331004231','123',1,0,1,0,0.00,0.00,5000.00,'','',5000.00),(0,'220150356235856006000','220150356235856006','220150356235856','123',1,0,1,0,0.00,0.00,5000.00,'','',5000.00),(1,'220150356235856006001','220150356235856006','220150356235856','2232',1,0,1,0,0.00,0.00,23000.00,'','',23000.00),(2,'220150356235856006002','220150356235856006','220150356235856','43434',1,0,1,0,0.00,0.00,25000.00,'','',25000.00),(3,'220150356235856006003','220150356235856006','220150356235856','A01',1,0,1,0,0.00,0.00,24000.00,'','',24000.00),(4,'220150356235856006004','220150356235856006','220150356235856','A02',1,0,1,0,0.00,0.00,25000.00,'','',25000.00),(5,'220150356235856006005','220150356235856006','220150356235856','5454',1,0,1,0,0.00,0.00,19000.00,'','',19000.00),(6,'220150356235856006006','220150356235856006','220150356235856','090778',1,0,1,0,0.00,0.00,20000.00,'','',20000.00),(7,'220150356235856006007','220150356235856006','220150356235856','344411',1,0,1,0,0.00,0.00,9000.00,'','',9000.00),(8,'220150356235856006008','220150356235856006','220150356235856','12133',1,0,1,0,0.00,0.00,15000.00,'','',15000.00),(0,'220150305002705002000','220150305002705002','220150305002705','123',2,0,2,0,0.00,0.00,10000.00,'','',5000.00),(1,'220150305002705002001','220150305002705002','220150305002705','2232',1,0,1,0,0.00,0.00,23000.00,'','',23000.00),(0,'220150340224040001000','220150340224040001','220150340224040','123',2,0,2,0,0.00,0.00,10000.00,'','',5000.00),(1,'220150340224040001001','220150340224040001','220150340224040','2232',1,0,1,0,0.00,0.00,23000.00,'','',23000.00),(0,'120150358000258001000','120150358000258001','120150358000258','123',1,0,1,0,0.00,0.00,5000.00,'','',5000.00),(1,'120150358000258001001','120150358000258001','120150358000258','2232',1,0,1,0,0.00,0.00,23000.00,'','',23000.00),(2,'120150358000258001002','120150358000258001','120150358000258','43434',1,0,1,0,0.00,0.00,25000.00,'','',25000.00),(0,'120150358000258002000','120150358000258002','120150358000258','2232',1,0,1,0,0.00,0.00,23000.00,'','',23000.00),(1,'120150358000258002001','120150358000258002','120150358000258','43434',1,0,1,0,0.00,0.00,25000.00,'','',25000.00),(2,'120150358000258002002','120150358000258002','120150358000258','A01',1,0,1,0,0.00,0.00,24000.00,'','',24000.00),(0,'120150345033945001000','120150345033945001','120150345033945','123',1,0,1,0,0.00,0.00,5000.00,'','',5000.00),(1,'120150345033945001001','120150345033945001','120150345033945','2232',1,0,1,0,0.00,0.00,23000.00,'','',23000.00),(2,'120150345033945001002','120150345033945001','120150345033945','43434',4,0,4,0,0.00,0.00,100000.00,'','',25000.00),(3,'120150345033945001003','120150345033945001','120150345033945','SUKA',8,0,8,0,0.00,0.00,400000.00,'','',50000.00),(0,'220150334035334001000','220150334035334001','220150334035334','A01',2,0,2,0,0.00,0.00,48000.00,'','',24000.00),(1,'220150334035334001001','220150334035334001','220150334035334','SUKA',1,0,1,0,0.00,0.00,50000.00,'','',50000.00),(0,'120150332034632001000','120150332034632001','120150332034632','123',1,0,1,0,0.00,0.00,5000.00,'','',5000.00),(1,'120150332034632001001','120150332034632001','120150332034632','2232',1,0,1,0,0.00,0.00,23000.00,'','',23000.00),(2,'120150332034632001002','120150332034632001','120150332034632','43434',1,0,1,0,0.00,0.00,25000.00,'','',25000.00),(0,'120150332034632002000','120150332034632002','120150332034632','2232',2,0,2,0,0.00,0.00,46000.00,'','',23000.00),(1,'120150332034632002001','120150332034632002','120150332034632','43434',2,0,2,0,0.00,0.00,50000.00,'','',25000.00),(2,'120150332034632002002','120150332034632002','120150332034632','A01',5,0,5,0,0.00,0.00,120000.00,'','',24000.00),(3,'120150332034632002003','120150332034632002','120150332034632','1234',3,0,3,0,0.00,0.00,120000.00,'','',40000.00),(4,'120150332034632002004','120150332034632002','120150332034632','12133',4,0,4,0,0.00,0.00,60000.00,'','',15000.00),(5,'120150332034632002005','120150332034632002','120150332034632','SUKA',3,0,3,0,0.00,0.00,150000.00,'','',50000.00),(6,'120150332034632002006','120150332034632002','120150332034632','5454',1,0,1,0,0.00,0.00,19000.00,'','',19000.00),(7,'120150332034632002007','120150332034632002','120150332034632','344411',2,0,2,0,0.00,0.00,18000.00,'','',9000.00),(8,'120150332034632002008','120150332034632002','120150332034632','8989',1,0,1,0,0.00,0.00,15000.00,'','',15000.00),(0,'120150356043156001000','120150356043156001','120150356043156','43434',2,0,2,0,0.00,0.00,50000.00,'','',25000.00),(0,'120150356043156002000','120150356043156002','120150356043156','A01',2,0,2,0,0.00,0.00,48000.00,'','',24000.00),(0,'120150303051203001000','120150303051203001','120150303051203','43434',7,0,7,0,0.00,0.00,175000.00,'','',25000.00),(0,'120150350051750001000','120150350051750001','120150350051750','123',2,0,2,0,0.00,0.00,10000.00,'','',5000.00),(1,'120150350051750001001','120150350051750001','120150350051750','2232',3,0,3,0,0.00,0.00,69000.00,'','',23000.00),(2,'120150350051750001002','120150350051750001','120150350051750','43434',2,0,2,0,0.00,0.00,50000.00,'','',25000.00),(0,'220150325061725001000','220150325061725001','220150325061725','123',1,0,1,0,0.00,0.00,5000.00,'','',5000.00),(1,'220150325061725001001','220150325061725001','220150325061725','2232',1,0,1,0,0.00,0.00,23000.00,'','',23000.00),(2,'220150325061725001002','220150325061725001','220150325061725','43434',1,0,1,0,0.00,0.00,25000.00,'','',25000.00),(3,'220150325061725001003','220150325061725001','220150325061725','A01',1,0,1,0,0.00,0.00,24000.00,'','',24000.00),(0,'220150307062207001000','220150307062207001','220150307062207','123',1,0,1,0,0.00,0.00,5000.00,'','',5000.00),(1,'220150307062207001001','220150307062207001','220150307062207','2232',1,0,1,0,0.00,0.00,23000.00,'','',23000.00),(2,'220150307062207001002','220150307062207001','220150307062207','43434',1,0,1,0,0.00,0.00,25000.00,'','',25000.00),(0,'220150331065831001000','220150331065831001','220150331065831','123',1,0,1,0,0.00,0.00,5000.00,'','',5000.00),(1,'220150331065831001001','220150331065831001','220150331065831','A01',1,0,1,0,0.00,0.00,24000.00,'','',24000.00),(0,'220150359070059001000','220150359070059001','220150359070059','123',1,0,1,0,0.00,0.00,5000.00,'','',5000.00),(1,'220150359070059001001','220150359070059001','220150359070059','A01',1,0,1,0,0.00,0.00,24000.00,'','',24000.00),(0,'220150300111800001000','220150300111800001','220150300111800','123',1,0,1,0,0.00,0.00,5000.00,'','',5000.00),(1,'220150300111800001001','220150300111800001','220150300111800','2232',1,0,1,0,0.00,0.00,23000.00,'','',23000.00),(2,'220150300111800001002','220150300111800001','220150300111800','A02',1,0,1,0,0.00,0.00,25000.00,'','',25000.00),(0,'120150348222948001000','120150348222948001','120150348222948','paket2',1,0,1,0,0.00,0.00,20000.00,'','',20000.00),(1,'120150348222948001001','120150348222948001','120150348222948','2232',3,0,3,0,0.00,0.00,69000.00,'','',23000.00),(2,'120150348222948001002','120150348222948001','120150348222948','344411',5,0,5,0,0.00,0.00,45000.00,'','',9000.00),(0,'120150314004114001000','120150314004114001','120150314004114','2232',2,0,2,0,0.00,0.00,46000.00,'','',23000.00),(1,'120150314004114001001','120150314004114001','120150314004114','344411',2,0,2,0,0.00,0.00,18000.00,'','',9000.00),(0,'120150305015705001000','120150305015705001','120150305015705','123',1,0,1,0,0.00,0.00,5000.00,'','',5000.00),(1,'120150305015705001001','120150305015705001','120150305015705','2232',1,0,1,0,0.00,0.00,23000.00,'','',23000.00),(2,'120150305015705001002','120150305015705001','120150305015705','43434',2,0,2,0,0.00,0.00,50000.00,'','',25000.00),(4,'220150449121849001004','220150449121849001','220150449121849','LCD-DES-01',1,0,1,0,0.00,0.00,55000.00,'','',55000.00),(3,'220150449121849001003','220150449121849001','220150449121849','LCD-DES-06',1,0,1,0,0.00,0.00,50000.00,'','',50000.00),(2,'220150449121849001002','220150449121849001','220150449121849','LCD-DES-05',1,0,1,0,0.00,0.00,40000.00,'','',40000.00),(1,'220150449121849001001','220150449121849001','220150449121849','LCD-DES-04',2,0,2,0,0.00,0.00,110000.00,'','',55000.00),(0,'220150449121849001000','220150449121849001','220150449121849','LCD-DES-02',3,0,3,0,0.00,0.00,180000.00,'','',60000.00),(2,'220150458121458001002','220150458121458001','220150458121458','LCD-DES-03',2,0,0,0,0.00,0.00,120000.00,'','',60000.00),(1,'220150458121458001001','220150458121458001','220150458121458','LCD-DES-02',1,0,0,0,0.00,0.00,60000.00,'','',60000.00),(0,'220150458121458001000','220150458121458001','220150458121458','LCD-MSE-01',3,0,0,0,0.00,0.00,375000.00,'','',125000.00),(0,'220150300091800001000','220150300091800001','220150300091800','LCD-SEA-01',1,0,1,0,0.00,0.00,80000.00,'','',80000.00),(1,'220150300091800001001','220150300091800001','220150300091800','LCD-DES-03',1,0,1,0,0.00,0.00,60000.00,'','',60000.00),(0,'220150318092218001000','220150318092218001','220150318092218','LCD-PAS-01',1,0,1,0,0.00,0.00,85000.00,'','',85000.00),(1,'220150318092218001001','220150318092218001','220150318092218','LCD-PIZ-01',2,0,2,0,0.00,0.00,170000.00,'','',85000.00),(0,'220150314093414001000','220150314093414001','220150314093414','LCD-SEA-01',1,0,1,0,0.00,0.00,80000.00,'','',80000.00),(1,'220150314093414001001','220150314093414001','220150314093414','LCD-PAS-01',1,0,1,0,0.00,0.00,85000.00,'','',85000.00),(2,'220150314093414001002','220150314093414001','220150314093414','LCD-PIZ-01',1,0,1,0,0.00,0.00,85000.00,'','',85000.00),(0,'220150336093936001000','220150336093936001','220150336093936','LCD-PIZ-01',3,0,3,0,0.00,0.00,255000.00,'','',85000.00),(1,'220150336093936001001','220150336093936001','220150336093936','LCD-PAS-01',2,0,2,0,0.00,0.00,170000.00,'','',85000.00),(0,'220150324094224001000','220150324094224001','220150324094224','LCD-SEA-01',2,0,2,0,0.00,0.00,160000.00,'','',80000.00),(1,'220150324094224001001','220150324094224001','220150324094224','LCD-PAS-01',1,0,1,0,0.00,0.00,85000.00,'','',85000.00),(0,'220150336093936003000','220150336093936003','220150336093936','LCD-DES-01',3,0,3,0,0.00,0.00,165000.00,'','',55000.00),(1,'220150336093936003001','220150336093936003','220150336093936','LCD-DES-02',3,0,3,0,0.00,0.00,180000.00,'','',60000.00),(0,'120150305015705002000','120150305015705002','120150305015705','LCD-SEA-01',1,0,1,0,0.00,0.00,80000.00,'','',80000.00),(0,'220150300091800002000','220150300091800002','220150300091800','LCD-SEA-01',1,0,1,0,0.00,0.00,80000.00,'','',80000.00),(0,'220150420111820001000','220150420111820001','220150420111820','LCD-DES-01',2,0,2,0,0.00,0.00,110000.00,'','',55000.00),(1,'220150420111820001001','220150420111820001','220150420111820','LCD-DES-02',2,0,2,0,0.00,0.00,120000.00,'','',60000.00),(2,'220150420111820001002','220150420111820001','220150420111820','LCD-DES-03',1,0,1,0,0.00,0.00,60000.00,'','',60000.00),(3,'220150420111820001003','220150420111820001','220150420111820','LCD-DES-04',1,0,1,0,0.00,0.00,55000.00,'','',55000.00),(0,'220150424111924001000','220150424111924001','220150424111924','LCD-MSE-01',1,0,1,0,0.00,0.00,125000.00,'','',125000.00),(1,'220150424111924001001','220150424111924001','220150424111924','LCD-MSE-02',1,0,1,0,0.00,0.00,120000.00,'','',120000.00),(2,'220150424111924001002','220150424111924001','220150424111924','LCD-PAS-02',1,0,1,0,0.00,0.00,85000.00,'','',85000.00),(0,'220150420111820002000','220150420111820002','220150420111820','LCD-EBT-01',1,0,1,0,0.00,0.00,60000.00,'','',60000.00),(1,'220150420111820002001','220150420111820002','220150420111820','LCD-DES-06',2,0,2,0,0.00,0.00,100000.00,'','',50000.00),(0,'220150424111924002000','220150424111924002','220150424111924','LCD-MSE-01',1,0,1,0,0.00,0.00,125000.00,'','',125000.00),(0,'220150420111820003000','220150420111820003','220150420111820','LCD-SEA-01',2,0,2,0,0.00,0.00,160000.00,'','',80000.00),(1,'220150420111820003001','220150420111820003','220150420111820','LCD-DES-01',1,0,1,0,0.00,0.00,55000.00,'','',55000.00),(0,'220150424111924003000','220150424111924003','220150424111924','LCD-NOR-01',1,0,1,0,0.00,0.00,90000.00,'','',90000.00),(1,'220150424111924003001','220150424111924003','220150424111924','LCD-NOR-02',1,0,1,0,0.00,0.00,95000.00,'','',95000.00),(2,'220150424111924003002','220150424111924003','220150424111924','LCD-NOR-03',1,0,1,0,0.00,0.00,70000.00,'','',70000.00),(0,'220150424111924004000','220150424111924004','220150424111924','LCD-SEA-01',1,0,0,0,0.00,0.00,80000.00,'','',80000.00),(0,'220150424111924005000','220150424111924005','220150424111924','LCD-SEA-01',1,0,0,0,0.00,0.00,80000.00,'','',80000.00),(0,'220150424111924006000','220150424111924006','220150424111924','LCD-APP-02',1,0,0,0,0.00,0.00,60000.00,'','',60000.00),(0,'220150318092218002000','220150318092218002','220150318092218','LCD-APP-02',1,0,0,0,0.00,0.00,60000.00,'','',60000.00),(0,'220150424111924007000','220150424111924007','220150424111924','LCD-SEA-01',1,0,0,0,0.00,0.00,80000.00,'','',80000.00),(0,'220150318092218003000','220150318092218003','220150318092218','LCD-SEA-01',1,0,0,0,0.00,0.00,80000.00,'','',80000.00),(0,'220150446071946001000','220150446071946001','220150446071946','LCD-DES-01',1,0,0,0,0.00,0.00,55000.00,'','',55000.00),(0,'220150446071946002000','220150446071946002','220150446071946','LCD-SEA-01',1,0,0,0,0.00,0.00,80000.00,'','',80000.00),(0,'220150458113258001000','220150458113258001','220150458113258','LCD-DES-04',1,0,0,0,0.00,0.00,55000.00,'','',55000.00),(1,'220150458113258001001','220150458113258001','220150458113258','LCD-DES-05',1,0,0,0,0.00,0.00,40000.00,'','',40000.00),(2,'220150458113258001002','220150458113258001','220150458113258','LCD-DES-06',1,0,0,0,0.00,0.00,50000.00,'','',50000.00),(0,'220150443114243001000','220150443114243001','220150443114243','LCD-SEA-01',1,0,0,0,0.00,0.00,80000.00,'','',80000.00),(1,'220150443114243001001','220150443114243001','220150443114243','LCD-DES-05',1,0,0,0,0.00,0.00,40000.00,'','',40000.00),(2,'220150443114243001002','220150443114243001','220150443114243','LCD-DES-04',1,0,0,0,0.00,0.00,55000.00,'','',55000.00),(3,'220150443114243001003','220150443114243001','220150443114243','LCD-DES-03',1,0,0,0,0.00,0.00,60000.00,'','',60000.00),(4,'220150443114243001004','220150443114243001','220150443114243','LCD-DES-02',1,0,0,0,0.00,0.00,60000.00,'','',60000.00),(5,'220150443114243001005','220150443114243001','220150443114243','LCD-EBT-01',1,0,0,0,0.00,0.00,60000.00,'','',60000.00),(0,'220150456094656001000','220150456094656001','220150456094656','LCD-DES-02',1,0,1,0,0.00,0.00,60000.00,'','',60000.00),(1,'220150456094656001001','220150456094656001','220150456094656','LCD-DES-01',1,0,1,0,0.00,0.00,55000.00,'','',55000.00),(2,'220150456094656001002','220150456094656001','220150456094656','LCD-DES-04',1,0,1,0,0.00,0.00,55000.00,'','',55000.00),(3,'220150456094656001003','220150456094656001','220150456094656','LCD-DES-05',1,0,1,0,0.00,0.00,40000.00,'','',40000.00),(4,'220150456094656001004','220150456094656001','220150456094656','LCD-DES-06',1,0,1,0,0.00,0.00,50000.00,'','',50000.00),(0,'220150400100500001000','220150400100500001','220150400100500','LCD-SEA-01',1,0,0,0,0.00,0.00,80000.00,'','',80000.00),(1,'220150400100500001001','220150400100500001','220150400100500','LCD-EBT-01',1,0,0,0,0.00,0.00,60000.00,'','',60000.00),(2,'220150400100500001002','220150400100500001','220150400100500','LCD-NOR-01',1,0,0,0,0.00,0.00,90000.00,'','',90000.00),(0,'220150420181920001000','220150420181920001','220150420181920','LCD-DES-02',2,0,0,0,0.00,0.00,120000.00,'','',60000.00),(1,'220150420181920001001','220150420181920001','220150420181920','LCD-DES-03',2,0,0,0,0.00,0.00,120000.00,'','',60000.00),(2,'220150420181920001002','220150420181920001','220150420181920','LCD-DES-04',1,0,0,0,0.00,0.00,55000.00,'','',55000.00),(3,'220150420181920001003','220150420181920001','220150420181920','LCD-DES-06',3,0,0,0,0.00,0.00,150000.00,'','',50000.00),(4,'220150420181920001004','220150420181920001','220150420181920','LCD-DES-01',1,0,0,0,0.00,0.00,55000.00,'','',55000.00),(0,'220150459182159001000','220150459182159001','220150459182159','LCD-SEA-01',4,0,0,0,0.00,0.00,320000.00,'','',80000.00),(0,'120150424035724001000','120150424035724001','120150424035724','LCD-DES-02',1,0,0,0,0.00,0.00,60000.00,'','',60000.00),(1,'120150424035724001001','120150424035724001','120150424035724','LCD-DES-03',1,0,0,0,0.00,0.00,60000.00,'','',60000.00),(0,'220150449033449001000','220150449033449001','220150449033449','LCD-SEA-01',3,0,0,0,0.00,0.00,240000.00,'','',80000.00),(0,'220150426082326001000','220150426082326001','220150426082326','LCD-DES-02',1,0,0,0,0.00,0.00,60000.00,'','',60000.00),(1,'220150426082326001001','220150426082326001','220150426082326','LCD-DES-03',1,0,0,0,0.00,0.00,60000.00,'','',60000.00);

/*Table structure for table `tr_pesananhd` */

DROP TABLE IF EXISTS `tr_pesananhd`;

CREATE TABLE `tr_pesananhd` (
  `cKdPesanan` varchar(55) NOT NULL,
  `dTglPesanan` datetime DEFAULT NULL,
  `cIdTamu` varchar(50) DEFAULT NULL,
  `cKeterangan` varchar(250) DEFAULT NULL,
  `cStatus` char(1) DEFAULT NULL,
  `cStatKitchen` char(1) DEFAULT NULL,
  `cUserWaiter` int(11) DEFAULT NULL,
  `dTglKirimKitchen` datetime DEFAULT NULL,
  `cUserKitchen` int(11) DEFAULT NULL,
  `dTglCook` datetime DEFAULT NULL,
  `cKetKitchen` varchar(250) DEFAULT NULL,
  `cKdEntity` varchar(3) DEFAULT NULL,
  `cUserCreated` int(11) DEFAULT NULL,
  `dDateCreated` datetime DEFAULT NULL,
  `cUserModify` int(11) DEFAULT NULL,
  `dDateModify` datetime DEFAULT NULL,
  PRIMARY KEY (`cKdPesanan`)
) ENGINE=MyISAM DEFAULT CHARSET=latin1;

/*Data for the table `tr_pesananhd` */

insert  into `tr_pesananhd`(`cKdPesanan`,`dTglPesanan`,`cIdTamu`,`cKeterangan`,`cStatus`,`cStatKitchen`,`cUserWaiter`,`dTglKirimKitchen`,`cUserKitchen`,`dTglCook`,`cKetKitchen`,`cKdEntity`,`cUserCreated`,`dDateCreated`,`cUserModify`,`dDateModify`) values ('220150222054722001','2015-02-28 10:49:15','220150222054722','','F','F',2,'2015-02-28 10:49:15',NULL,NULL,NULL,NULL,0,'2015-02-28 10:49:15',0,'2015-02-28 10:49:15'),('220150222054722002','2015-02-28 10:50:47','220150222054722','','F','F',2,'2015-02-28 10:50:47',NULL,NULL,NULL,NULL,0,'2015-02-28 10:50:47',0,'2015-02-28 10:50:47'),('220150226060426001','2015-02-28 11:10:04','220150226060426','','F','F',2,'2015-02-28 11:10:04',NULL,NULL,NULL,NULL,0,'2015-02-28 11:10:04',0,'2015-02-28 11:10:04'),('220150224061324001','2015-02-28 11:20:25','220150224061324','','F','F',2,'2015-02-28 11:20:25',NULL,NULL,NULL,NULL,0,'2015-02-28 11:20:25',0,'2015-02-28 11:20:25'),('220150209062409001','2015-02-28 11:24:17','220150209062409','','F','F',2,'2015-02-28 11:24:17',NULL,NULL,NULL,NULL,0,'2015-02-28 11:24:17',0,'2015-02-28 11:24:17'),('220150209062409002','2015-02-28 11:27:16','220150209062409','','F','F',2,'2015-02-28 11:27:16',NULL,NULL,NULL,NULL,0,'2015-02-28 11:27:16',0,'2015-02-28 11:27:16'),('220150209062409003','2015-02-28 11:27:30','220150209062409','','F','F',2,'2015-02-28 11:27:30',NULL,NULL,NULL,NULL,0,'2015-02-28 11:27:30',0,'2015-02-28 11:27:30'),('220150239063239001','2015-02-28 11:32:57','220150239063239','','F','F',2,'2015-02-28 11:32:57',NULL,NULL,NULL,NULL,0,'2015-02-28 11:32:57',0,'2015-02-28 11:32:57'),('220150226060426002','2015-02-28 11:35:05','220150226060426','','F','F',2,'2015-02-28 11:35:05',NULL,NULL,NULL,NULL,0,'2015-02-28 11:35:05',0,'2015-02-28 11:35:05'),('220150206062906001','2015-02-28 11:37:47','220150206062906','','F','F',2,'2015-02-28 11:37:47',NULL,NULL,NULL,NULL,0,'2015-02-28 11:37:47',0,'2015-02-28 11:37:47'),('220150201073401001','2015-02-28 13:33:47','220150201073401','','F','F',2,'2015-02-28 13:33:47',NULL,NULL,NULL,NULL,0,'2015-02-28 13:33:47',0,'2015-02-28 13:33:47'),('220150201073401002','2015-02-28 13:34:17','220150201073401','','F','F',2,'2015-02-28 13:34:17',NULL,NULL,NULL,NULL,0,'2015-02-28 13:34:17',0,'2015-02-28 13:34:17'),('220150209100609001','2015-02-28 15:08:18','220150209100609','','F','F',2,'2015-02-28 15:08:18',NULL,NULL,NULL,NULL,0,'2015-02-28 15:08:18',0,'2015-02-28 15:08:18'),('220150226101726001','2015-02-28 15:18:24','220150226101726','','F','F',2,'2015-02-28 15:18:24',NULL,NULL,NULL,NULL,0,'2015-02-28 15:18:24',0,'2015-02-28 15:18:24'),('220150201073401003','2015-02-28 16:10:42','220150201073401','','F','F',2,'2015-02-28 16:10:42',NULL,NULL,NULL,NULL,0,'2015-02-28 16:10:42',0,'2015-02-28 16:10:42'),('220150201073401004','2015-02-28 16:11:01','220150201073401','','F','F',2,'2015-02-28 16:11:01',NULL,NULL,NULL,NULL,0,'2015-02-28 16:11:01',0,'2015-02-28 16:11:01'),('220150200111700001','2015-02-28 16:17:04','220150200111700','','F','F',2,'2015-02-28 16:17:04',NULL,NULL,NULL,NULL,0,'2015-02-28 16:17:04',0,'2015-02-28 16:17:04'),('220150200111700002','2015-02-28 16:26:08','220150200111700','','F','F',2,'2015-02-28 16:26:08',NULL,NULL,NULL,NULL,0,'2015-02-28 16:26:08',0,'2015-02-28 16:26:08'),('220150200111700003','2015-02-28 16:31:35','220150200111700','','F','F',2,'2015-02-28 16:31:35',NULL,NULL,NULL,NULL,0,'2015-02-28 16:31:35',0,'2015-02-28 16:31:35'),('220150252124552001','2015-02-28 17:45:56','220150252124552','','F','F',2,'2015-02-28 17:45:56',NULL,NULL,NULL,NULL,0,'2015-02-28 17:45:56',0,'2015-02-28 17:45:56'),('220150243125243001','2015-02-28 17:52:47','220150243125243','','F','F',2,'2015-02-28 17:52:47',NULL,NULL,NULL,NULL,0,'2015-02-28 17:52:47',0,'2015-02-28 17:52:47'),('720150231130431001','2015-02-28 18:05:13','720150231130431','','F','F',2,'2015-02-28 18:05:13',NULL,NULL,NULL,NULL,0,'2015-02-28 18:05:13',0,'2015-02-28 18:05:13'),('220150229130629001','2015-02-28 18:06:33','220150229130629','','F','F',2,'2015-02-28 18:06:33',NULL,NULL,NULL,NULL,0,'2015-02-28 18:06:33',0,'2015-02-28 18:06:33'),('220150249130749001','2015-02-28 18:07:53','220150249130749','','F','F',2,'2015-02-28 18:07:53',NULL,NULL,NULL,NULL,0,'2015-02-28 18:07:53',0,'2015-02-28 18:07:53'),('220150243125243002','2015-02-28 18:10:09','220150243125243','','F','F',2,'2015-02-28 18:10:09',NULL,NULL,NULL,NULL,0,'2015-02-28 18:10:09',0,'2015-02-28 18:10:09'),('220150202131102001','2015-02-28 18:11:09','220150202131102','','F','F',2,'2015-02-28 18:11:09',NULL,NULL,NULL,NULL,0,'2015-02-28 18:11:09',0,'2015-02-28 18:11:09'),('220150236131736001','2015-02-28 18:21:27','220150236131736','','F','F',2,'2015-02-28 18:21:27',NULL,NULL,NULL,NULL,0,'2015-02-28 18:21:27',0,'2015-02-28 18:21:27'),('220150210131410001','2015-02-28 18:22:03','220150210131410','','F','F',2,'2015-02-28 18:22:03',NULL,NULL,NULL,NULL,0,'2015-02-28 18:22:03',0,'2015-02-28 18:22:03'),('220150243125243003','2015-02-28 18:25:07','220150243125243','','F','F',2,'2015-02-28 18:25:07',NULL,NULL,NULL,NULL,0,'2015-02-28 18:25:07',0,'2015-02-28 18:25:07'),('220150218132718001','2015-02-28 18:27:23','220150218132718','','F','F',2,'2015-02-28 18:27:23',NULL,NULL,NULL,NULL,0,'2015-02-28 18:27:23',0,'2015-02-28 18:27:23'),('220150202131102002','2015-02-28 18:54:01','220150202131102','','F','F',1,'2015-02-28 18:54:01',NULL,NULL,NULL,NULL,0,'2015-02-28 18:54:01',0,'2015-02-28 18:54:01'),('220150202131102003','2015-02-28 18:54:04','220150202131102','','F','F',2,'2015-02-28 18:54:04',NULL,NULL,NULL,NULL,0,'2015-02-28 18:54:04',0,'2015-02-28 18:54:04'),('220150249135549001','2015-02-28 18:56:33','220150249135549','','F','F',2,'2015-02-28 18:56:33',NULL,NULL,NULL,NULL,0,'2015-02-28 18:56:33',0,'2015-02-28 18:56:33'),('220150249135549002','2015-02-28 19:01:42','220150249135549','','F','F',2,'2015-02-28 19:01:42',NULL,NULL,NULL,NULL,0,'2015-02-28 19:01:42',0,'2015-02-28 19:01:42'),('220150227140227001','2015-02-28 19:02:35','220150227140227','','F','F',2,'2015-02-28 19:02:35',NULL,NULL,NULL,NULL,0,'2015-02-28 19:02:35',0,'2015-02-28 19:02:35'),('220150231140731001','2015-02-28 19:07:45','220150231140731','','F','F',2,'2015-02-28 19:07:45',NULL,NULL,NULL,NULL,0,'2015-02-28 19:07:45',0,'2015-02-28 19:07:45'),('220150256141056001','2015-02-28 19:10:59','220150256141056','','F','F',2,'2015-02-28 19:10:59',NULL,NULL,NULL,NULL,0,'2015-02-28 19:10:59',0,'2015-02-28 19:10:59'),('220150216141316001','2015-02-28 19:13:26','220150216141316','','F','F',2,'2015-02-28 19:13:26',NULL,NULL,NULL,NULL,0,'2015-02-28 19:13:26',0,'2015-02-28 19:13:26'),('220150202145302001','2015-02-28 20:04:15','220150202145302','','F','F',2,'2015-02-28 20:04:15',NULL,NULL,NULL,NULL,0,'2015-02-28 20:04:15',0,'2015-02-28 20:04:15'),('220150230153230001','2015-02-28 20:32:34','220150230153230','','F','F',2,'2015-02-28 20:32:34',NULL,NULL,NULL,NULL,0,'2015-02-28 20:32:34',0,'2015-02-28 20:32:34'),('220150212153512001','2015-02-28 20:35:19','220150212153512','','F','F',2,'2015-02-28 20:35:19',NULL,NULL,NULL,NULL,0,'2015-02-28 20:35:19',0,'2015-02-28 20:35:19'),('220150211153811001','2015-02-28 20:38:15','220150211153811','','F','F',2,'2015-02-28 20:38:15',NULL,NULL,NULL,NULL,0,'2015-02-28 20:38:15',0,'2015-02-28 20:38:15'),('220150254153854001','2015-02-28 20:38:59','220150254153854','','F','F',2,'2015-02-28 20:38:59',NULL,NULL,NULL,NULL,0,'2015-02-28 20:38:59',0,'2015-02-28 20:38:59'),('220150251154751001','2015-02-28 20:47:54','220150251154751','','F','F',2,'2015-02-28 20:47:54',NULL,NULL,NULL,NULL,0,'2015-02-28 20:47:54',0,'2015-02-28 20:47:54'),('220150254153854002','2015-02-28 21:02:37','220150254153854','','F','F',2,'2015-02-28 21:02:37',NULL,NULL,NULL,NULL,0,'2015-02-28 21:02:37',0,'2015-02-28 21:02:37'),('220150239160739001','2015-02-28 21:07:42','220150239160739','','F','F',2,'2015-02-28 21:07:42',NULL,NULL,NULL,NULL,0,'2015-02-28 21:07:42',0,'2015-02-28 21:07:42'),('220150251154751002','2015-02-28 21:14:54','220150251154751','','F','F',2,'2015-02-28 21:14:54',NULL,NULL,NULL,NULL,0,'2015-02-28 21:14:54',0,'2015-02-28 21:14:54'),('220150211153811002','2015-02-28 21:17:57','220150211153811','','F','F',2,'2015-02-28 21:17:57',NULL,NULL,NULL,NULL,0,'2015-02-28 21:17:57',0,'2015-02-28 21:17:57'),('220150251162751001','2015-02-28 21:27:59','220150251162751','','F','F',2,'2015-02-28 21:27:59',NULL,NULL,NULL,NULL,0,'2015-02-28 21:27:59',0,'2015-02-28 21:27:59'),('220150211163211001','2015-02-28 21:32:22','220150211163211','','F','F',2,'2015-02-28 21:32:22',NULL,NULL,NULL,NULL,0,'2015-02-28 21:32:22',0,'2015-02-28 21:32:22'),('220150211163411001','2015-02-28 21:34:32','220150211163411','','F','F',2,'2015-02-28 21:34:32',NULL,NULL,NULL,NULL,0,'2015-02-28 21:34:32',0,'2015-02-28 21:34:32'),('220150227162627001','2015-02-28 21:35:40','220150227162627','','F','F',2,'2015-02-28 21:35:40',NULL,NULL,NULL,NULL,0,'2015-02-28 21:35:40',0,'2015-02-28 21:35:40'),('220150245163645001','2015-02-28 21:36:51','220150245163645','','F','F',2,'2015-02-28 21:36:51',NULL,NULL,NULL,NULL,0,'2015-02-28 21:36:51',0,'2015-02-28 21:36:51'),('220150211164011001','2015-02-28 21:40:15','220150211164011','','F','F',2,'2015-02-28 21:40:15',NULL,NULL,NULL,NULL,0,'2015-02-28 21:40:15',0,'2015-02-28 21:40:15'),('220150211164011002','2015-02-28 21:40:55','220150211164011','','F','F',2,'2015-02-28 21:40:55',NULL,NULL,NULL,NULL,0,'2015-02-28 21:40:55',0,'2015-02-28 21:40:55'),('220150242164142001','2015-02-28 21:41:51','220150242164142','','F','F',2,'2015-02-28 21:41:51',NULL,NULL,NULL,NULL,0,'2015-02-28 21:41:51',0,'2015-02-28 21:41:51'),('220150254153854003','2015-02-28 21:42:37','220150254153854','','F','F',2,'2015-02-28 21:42:37',NULL,NULL,NULL,NULL,0,'2015-02-28 21:42:37',0,'2015-02-28 21:42:37'),('220150241164441001','2015-02-28 21:44:55','220150241164441','','F','F',2,'2015-02-28 21:44:55',NULL,NULL,NULL,NULL,0,'2015-02-28 21:44:55',0,'2015-02-28 21:44:55'),('220150242164142002','2015-02-28 21:46:48','220150242164142','','F','F',2,'2015-02-28 21:46:48',NULL,NULL,NULL,NULL,0,'2015-02-28 21:46:48',0,'2015-02-28 21:46:48'),('220150242164142003','2015-02-28 21:47:37','220150242164142','','F','F',2,'2015-02-28 21:47:37',NULL,NULL,NULL,NULL,0,'2015-02-28 21:47:37',0,'2015-02-28 21:47:37'),('220150211164011003','2015-02-28 21:48:56','220150211164011','','F','F',2,'2015-02-28 21:48:56',NULL,NULL,NULL,NULL,0,'2015-02-28 21:48:56',0,'2015-02-28 21:48:56'),('220150248164948001','2015-02-28 21:49:59','220150248164948','','F','F',2,'2015-02-28 21:49:59',NULL,NULL,NULL,NULL,0,'2015-02-28 21:49:59',0,'2015-02-28 21:49:59'),('220150248164948002','2015-02-28 22:17:51','220150248164948','','F','F',2,'2015-02-28 22:17:51',NULL,NULL,NULL,NULL,0,'2015-02-28 22:17:51',0,'2015-02-28 22:17:51'),('220150241164441002','2015-02-28 22:18:31','220150241164441','','F','F',2,'2015-02-28 22:18:31',NULL,NULL,NULL,NULL,0,'2015-02-28 22:18:31',0,'2015-02-28 22:18:31'),('220150235172235001','2015-02-28 22:22:40','220150235172235','','F','F',2,'2015-02-28 22:22:40',NULL,NULL,NULL,NULL,0,'2015-02-28 22:22:40',0,'2015-02-28 22:22:40'),('220150235172235002','2015-02-28 22:23:13','220150235172235','','F','F',2,'2015-02-28 22:23:13',NULL,NULL,NULL,NULL,0,'2015-02-28 22:23:13',0,'2015-02-28 22:23:13'),('220150225165025001','2015-02-28 22:25:23','220150225165025','','F','F',2,'2015-02-28 22:25:23',NULL,NULL,NULL,NULL,0,'2015-02-28 22:25:23',0,'2015-02-28 22:25:23'),('220150211172611001','2015-02-28 22:26:23','220150211172611','','F','F',2,'2015-02-28 22:26:23',NULL,NULL,NULL,NULL,0,'2015-02-28 22:26:23',0,'2015-02-28 22:26:23'),('220150211172611002','2015-02-28 22:27:06','220150211172611','','F','F',2,'2015-02-28 22:27:06',NULL,NULL,NULL,NULL,0,'2015-02-28 22:27:06',0,'2015-02-28 22:27:06'),('220150211172611003','2015-02-28 22:28:08','220150211172611','','F','F',2,'2015-02-28 22:28:08',NULL,NULL,NULL,NULL,0,'2015-02-28 22:28:08',0,'2015-02-28 22:28:08'),('220150225165025002','2015-02-28 22:28:45','220150225165025','','F','F',2,'2015-02-28 22:28:45',NULL,NULL,NULL,NULL,0,'2015-02-28 22:28:45',0,'2015-02-28 22:28:45'),('220150204173104001','2015-02-28 22:31:13','220150204173104','','F','F',2,'2015-02-28 22:31:13',NULL,NULL,NULL,NULL,0,'2015-02-28 22:31:13',0,'2015-02-28 22:31:13'),('220150204173104002','2015-02-28 22:34:01','220150204173104','','F','F',2,'2015-02-28 22:34:01',NULL,NULL,NULL,NULL,0,'2015-02-28 22:34:01',0,'2015-02-28 22:34:01'),('220150235173235001','2015-02-28 22:34:46','220150235173235','','F','F',2,'2015-02-28 22:34:46',NULL,NULL,NULL,NULL,0,'2015-02-28 22:34:46',0,'2015-02-28 22:34:46'),('220150204173104003','2015-02-28 22:36:07','220150204173104','','F','F',2,'2015-02-28 22:36:07',NULL,NULL,NULL,NULL,0,'2015-02-28 22:36:07',0,'2015-02-28 22:36:07'),('220150204173104004','2015-02-28 22:37:22','220150204173104','','F','F',2,'2015-02-28 22:37:22',NULL,NULL,NULL,NULL,0,'2015-02-28 22:37:22',0,'2015-02-28 22:37:22'),('220150239173539001','2015-02-28 22:37:48','220150239173539','','F','F',2,'2015-02-28 22:37:48',NULL,NULL,NULL,NULL,0,'2015-02-28 22:37:48',0,'2015-02-28 22:37:48'),('220150239173539002','2015-02-28 22:46:24','220150239173539','','F','F',2,'2015-02-28 22:46:24',NULL,NULL,NULL,NULL,0,'2015-02-28 22:46:24',0,'2015-02-28 22:46:24'),('120150241204841001','2015-03-01 01:49:17','120150241204841','','F','F',1,'2015-03-01 01:49:17',NULL,NULL,NULL,NULL,0,'2015-03-01 01:49:17',0,'2015-03-01 01:49:17'),('120150214205114001','2015-03-01 01:51:21','120150214205114','','F','F',1,'2015-03-01 01:51:21',NULL,NULL,NULL,NULL,0,'2015-03-01 01:51:21',0,'2015-03-01 01:51:21'),('120150209205309001','2015-03-01 01:53:26','120150209205309','','F','F',1,'2015-03-01 01:53:26',NULL,NULL,NULL,NULL,0,'2015-03-01 01:53:26',0,'2015-03-01 01:53:26'),('220150208222708001','2015-03-01 03:28:01','220150208222708','','F','F',2,'2015-03-01 03:28:01',NULL,NULL,NULL,NULL,0,'2015-03-01 03:28:01',0,'2015-03-01 03:28:01'),('220150214222914001','2015-03-01 03:29:24','220150214222914','','F','F',2,'2015-03-01 03:29:24',NULL,NULL,NULL,NULL,0,'2015-03-01 03:29:24',0,'2015-03-01 03:29:24'),('220150258230058001','2015-03-01 04:01:38','220150258230058','','F','F',2,'2015-03-01 04:01:38',NULL,NULL,NULL,NULL,0,'2015-03-01 04:01:38',0,'2015-03-01 04:01:38'),('720150229231529001','2015-03-01 04:17:16','720150229231529','','F','F',2,'2015-03-01 04:17:16',NULL,NULL,NULL,NULL,0,'2015-03-01 04:17:16',0,'2015-03-01 04:17:16'),('720150324054824001','2015-03-02 10:48:34','720150324054824','','F','F',2,'2015-03-02 10:48:34',NULL,NULL,NULL,NULL,0,'2015-03-02 10:48:34',0,'2015-03-02 10:48:34'),('220150258230058002','2015-03-02 10:52:01','220150258230058','','F','F',2,'2015-03-02 10:52:01',NULL,NULL,NULL,NULL,0,'2015-03-02 10:52:01',0,'2015-03-02 10:52:01'),('220150301055601001','2015-03-02 10:56:26','220150301055601','','F','F',2,'2015-03-02 10:56:26',NULL,NULL,NULL,NULL,0,'2015-03-02 10:56:26',0,'2015-03-02 10:56:26'),('120150327042427001','2015-03-03 09:28:41','120150327042427','','F','F',1,'2015-03-03 09:28:41',NULL,NULL,NULL,NULL,0,'2015-03-03 09:28:41',0,'2015-03-03 09:28:41'),('120150338072938001','2015-03-03 12:30:19','120150338072938','','F','F',1,'2015-03-03 12:30:19',NULL,NULL,NULL,NULL,0,'2015-03-03 12:30:19',0,'2015-03-03 12:30:19'),('220150300094600001','2015-03-03 14:48:16','220150300094600','','F','F',2,'2015-03-03 14:48:16',NULL,NULL,NULL,NULL,0,'2015-03-03 14:48:16',0,'2015-03-03 14:48:16'),('220150357094957001','2015-03-03 14:50:26','220150357094957','','F','F',2,'2015-03-03 14:50:26',NULL,NULL,NULL,NULL,0,'2015-03-03 14:50:26',0,'2015-03-03 14:50:26'),('220150357094957002','2015-03-03 14:50:54','220150357094957','','F','F',2,'2015-03-03 14:50:54',NULL,NULL,NULL,NULL,0,'2015-03-03 14:50:54',0,'2015-03-03 14:50:54'),('220150328091528001','2015-03-04 14:15:47','220150328091528','','F','F',2,'2015-03-04 14:15:47',NULL,NULL,NULL,NULL,0,'2015-03-04 14:15:47',0,'2015-03-04 14:15:47'),('120150316003116001','2015-03-07 05:31:42','120150316003116','','F','F',2,'2015-03-07 05:31:42',NULL,NULL,NULL,NULL,0,'2015-03-07 05:31:42',0,'2015-03-07 05:31:42'),('220150338092138001','2015-03-07 05:34:29','220150338092138','','F','F',2,'2015-03-07 05:34:29',NULL,NULL,NULL,NULL,0,'2015-03-07 05:34:29',0,'2015-03-07 05:34:29'),('220150338092138002','2015-03-07 05:34:42','220150338092138','','F','F',2,'2015-03-07 05:34:42',NULL,NULL,NULL,NULL,0,'2015-03-07 05:34:42',0,'2015-03-07 05:34:42'),('520150313034313001','2015-03-07 08:44:05','520150313034313','','F','F',2,'2015-03-07 08:44:05',NULL,NULL,NULL,NULL,0,'2015-03-07 08:44:05',0,'2015-03-07 08:44:05'),('620150312040112001','2015-03-07 09:01:39','620150312040112','','F','F',2,'2015-03-07 09:01:39',NULL,NULL,NULL,NULL,0,'2015-03-07 09:01:39',0,'2015-03-07 09:01:39'),('420150328142528001','2015-03-09 18:25:53','420150328142528','','F','F',2,'2015-03-09 18:25:53',NULL,NULL,NULL,NULL,0,'2015-03-09 18:25:53',0,'2015-03-09 18:25:53'),('420150328142528002','2015-03-09 18:58:30','420150328142528','','F','F',2,'2015-03-09 18:58:30',NULL,NULL,NULL,NULL,0,'2015-03-09 18:58:30',0,'2015-03-09 18:58:30'),('220150332150232001','2015-03-09 19:02:41','220150332150232','','F','F',2,'2015-03-09 19:02:41',NULL,NULL,NULL,NULL,0,'2015-03-09 19:02:41',0,'2015-03-09 19:02:41'),('120150327042427002','2015-03-11 09:37:46','120150327042427','','F','F',1,'2015-03-11 09:37:46',NULL,NULL,NULL,NULL,0,'2015-03-11 09:37:46',0,'2015-03-11 09:37:46'),('620150312040112002','2015-03-11 12:30:14','620150312040112','','F','F',1,'2015-03-11 12:30:14',NULL,NULL,NULL,NULL,0,'2015-03-11 12:30:14',0,'2015-03-11 12:30:14'),('520150352001752001','2015-03-14 04:18:13','520150352001752','','F','F',2,'2015-03-14 04:18:13',NULL,NULL,NULL,NULL,0,'2015-03-14 04:18:13',0,'2015-03-14 04:18:13'),('520150352001752002','2015-03-14 14:59:33','520150352001752','','F','F',2,'2015-03-14 14:59:33',NULL,NULL,NULL,NULL,0,'2015-03-14 14:59:33',0,'2015-03-14 14:59:33'),('220150338092138003','2015-03-14 18:06:25','220150338092138','','F','F',2,'2015-03-14 18:06:25',NULL,NULL,NULL,NULL,0,'2015-03-14 18:06:25',0,'2015-03-14 18:06:25'),('220150328154128001','2015-03-14 19:49:47','220150328154128','','F','F',2,'2015-03-14 19:49:47',NULL,NULL,NULL,NULL,0,'2015-03-14 19:49:47',0,'2015-03-14 19:49:47'),('220150324022824001','2015-03-15 06:28:32','220150324022824','','F','F',2,'2015-03-15 06:28:32',NULL,NULL,NULL,NULL,0,'2015-03-15 06:28:32',0,'2015-03-15 06:28:32'),('220150357022957001','2015-03-15 06:30:00','220150357022957','','F','F',2,'2015-03-15 06:30:00',NULL,NULL,NULL,NULL,0,'2015-03-15 06:30:00',0,'2015-03-15 06:30:00'),('220150316110916001','2015-03-15 06:30:34','220150316110916','','F','F',2,'2015-03-15 06:30:34',NULL,NULL,NULL,NULL,0,'2015-03-15 06:30:34',0,'2015-03-15 06:30:34'),('220150356054956001','2015-03-15 09:51:12','220150356054956','','F','F',2,'2015-03-15 09:51:12',NULL,NULL,NULL,NULL,0,'2015-03-15 09:51:12',0,'2015-03-15 09:51:12'),('220150338092138004','2015-03-15 13:23:31','220150338092138','','F','F',1,'2015-03-15 13:23:31',NULL,NULL,NULL,NULL,0,'2015-03-15 13:23:31',0,'2015-03-15 13:23:31'),('120150333134333001','2015-03-15 17:44:24','120150333134333','','F','F',1,'2015-03-15 17:44:24',NULL,NULL,NULL,NULL,0,'2015-03-15 17:44:24',0,'2015-03-15 17:44:24'),('220150338092138005','2015-03-20 13:31:46','220150338092138','','F','F',1,'2015-03-20 13:31:46',NULL,NULL,NULL,NULL,0,'2015-03-20 13:31:46',0,'2015-03-20 13:31:46'),('220150336110836001','2015-03-21 10:07:07','220150336110836','','F','F',2,'2015-03-21 10:07:07',NULL,NULL,NULL,NULL,0,'2015-03-21 10:07:07',0,'2015-03-21 10:07:07'),('220150332114032001','2015-03-21 15:40:50','220150332114032','','F','F',2,'2015-03-21 15:40:50',NULL,NULL,NULL,NULL,0,'2015-03-21 15:40:50',0,'2015-03-21 15:40:50'),('420150351122651001','2015-03-21 16:27:05','420150351122651','','F','F',2,'2015-03-21 16:27:05',NULL,NULL,NULL,NULL,0,'2015-03-21 16:27:05',0,'2015-03-21 16:27:05'),('220150305122805001','2015-03-21 16:28:09','220150305122805','','F','F',2,'2015-03-21 16:28:09',NULL,NULL,NULL,NULL,0,'2015-03-21 16:28:09',0,'2015-03-21 16:28:09'),('220150350155850001','2015-03-21 20:03:22','220150350155850','','F','F',2,'2015-03-21 20:03:22',NULL,NULL,NULL,NULL,0,'2015-03-21 20:03:22',0,'2015-03-21 20:03:22'),('220150336162436001','2015-03-21 20:24:43','220150336162436','','F','F',2,'2015-03-21 20:24:43',NULL,NULL,NULL,NULL,0,'2015-03-21 20:24:43',0,'2015-03-21 20:24:43'),('220150336110836002','2015-03-21 20:42:23','220150336110836','','F','F',2,'2015-03-21 20:42:23',NULL,NULL,NULL,NULL,0,'2015-03-21 20:42:23',0,'2015-03-21 20:42:23'),('220150306165706001','2015-03-21 20:57:11','220150306165706','','F','F',2,'2015-03-21 20:57:11',NULL,NULL,NULL,NULL,0,'2015-03-21 20:57:11',0,'2015-03-21 20:57:11'),('220150310165910001','2015-03-21 20:59:14','220150310165910','','F','F',2,'2015-03-21 20:59:14',NULL,NULL,NULL,NULL,0,'2015-03-21 20:59:14',0,'2015-03-21 20:59:14'),('220150325170925001','2015-03-21 21:09:30','220150325170925','','F','F',2,'2015-03-21 21:09:30',NULL,NULL,NULL,NULL,0,'2015-03-21 21:09:30',0,'2015-03-21 21:09:30'),('220150325170925002','2015-03-21 21:09:34','220150325170925','','F','F',2,'2015-03-21 21:09:34',NULL,NULL,NULL,NULL,0,'2015-03-21 21:09:34',0,'2015-03-21 21:09:34'),('220150312210812001','2015-03-22 01:08:20','220150312210812','','F','F',2,'2015-03-22 01:08:20',NULL,NULL,NULL,NULL,0,'2015-03-22 01:08:20',0,'2015-03-22 01:08:20'),('220150316110916002','2015-03-22 02:29:21','220150316110916','','F','F',2,'2015-03-22 02:29:21',NULL,NULL,NULL,NULL,0,'2015-03-22 02:29:21',0,'2015-03-22 02:29:21'),('220150336110836003','2015-03-22 02:30:04','220150336110836','','F','F',2,'2015-03-22 02:30:04',NULL,NULL,NULL,NULL,0,'2015-03-22 02:30:04',0,'2015-03-22 02:30:04'),('220150336110836004','2015-03-22 02:34:42','220150336110836','','F','F',2,'2015-03-22 02:34:42',NULL,NULL,NULL,NULL,0,'2015-03-22 02:34:42',0,'2015-03-22 02:34:42'),('220150336110836005','2015-03-22 02:40:33','220150336110836','','F','F',2,'2015-03-22 02:40:33',NULL,NULL,NULL,NULL,0,'2015-03-22 02:40:33',0,'2015-03-22 02:40:33'),('220150327224127001','2015-03-22 02:41:53','220150327224127','','F','F',2,'2015-03-22 02:41:53',NULL,NULL,NULL,NULL,0,'2015-03-22 02:41:53',0,'2015-03-22 02:41:53'),('120150315000615001','2015-03-22 04:06:32','120150315000615','','F','F',1,'2015-03-22 04:06:32',NULL,NULL,NULL,NULL,0,'2015-03-22 04:06:32',0,'2015-03-22 04:06:32'),('220150312210812002','2015-03-22 08:13:12','220150312210812','','F','F',2,'2015-03-22 08:13:12',NULL,NULL,NULL,NULL,0,'2015-03-22 08:13:12',0,'2015-03-22 08:13:12'),('220150312210812003','2015-03-22 09:28:16','220150312210812','','F','F',2,'2015-03-22 09:28:16',NULL,NULL,NULL,NULL,0,'2015-03-22 09:28:16',0,'2015-03-22 09:28:16'),('120150327081227001','2015-03-22 12:12:51','120150327081227','','F','F',1,'2015-03-22 12:12:51',NULL,NULL,NULL,NULL,0,'2015-03-22 12:12:51',0,'2015-03-22 12:12:51'),('220150312210812004','2015-03-22 16:15:12','220150312210812','','F','F',2,'2015-03-22 16:15:12',NULL,NULL,NULL,NULL,0,'2015-03-22 16:15:12',0,'2015-03-22 16:15:12'),('220150312210812005','2015-03-23 03:18:25','220150312210812','','F','F',2,'2015-03-23 03:18:25',NULL,NULL,NULL,NULL,0,'2015-03-23 03:18:25',0,'2015-03-23 03:18:25'),('220150312210812006','2015-03-23 03:19:02','220150312210812','','F','F',2,'2015-03-23 03:19:02',NULL,NULL,NULL,NULL,0,'2015-03-23 03:19:02',0,'2015-03-23 03:19:02'),('120150323023123001','2015-03-23 03:20:43','120150323023123','','F','F',2,'2015-03-23 03:20:43',NULL,NULL,NULL,NULL,0,'2015-03-23 03:20:43',0,'2015-03-23 03:20:43'),('220150304094404001','2015-03-23 03:21:00','220150304094404','','F','F',2,'2015-03-23 03:21:00',NULL,NULL,NULL,NULL,0,'2015-03-23 03:21:00',0,'2015-03-23 03:21:00'),('220150324232124001','2015-03-23 03:22:07','220150324232124','','F','F',2,'2015-03-23 03:22:07',NULL,NULL,NULL,NULL,0,'2015-03-23 03:22:07',0,'2015-03-23 03:22:07'),('220150308232308001','2015-03-23 03:23:12','220150308232308','','F','F',2,'2015-03-23 03:23:12',NULL,NULL,NULL,NULL,0,'2015-03-23 03:23:12',0,'2015-03-23 03:23:12'),('220150357232857001','2015-03-23 03:31:04','220150357232857','','F','F',2,'2015-03-23 03:31:04',NULL,NULL,NULL,NULL,0,'2015-03-23 03:31:04',0,'2015-03-23 03:31:04'),('220150325233525001','2015-03-23 03:35:29','220150325233525','','F','F',2,'2015-03-23 03:35:29',NULL,NULL,NULL,NULL,0,'2015-03-23 03:35:29',0,'2015-03-23 03:35:29'),('220150332234132001','2015-03-23 03:41:36','220150332234132','','F','F',2,'2015-03-23 03:41:36',NULL,NULL,NULL,NULL,0,'2015-03-23 03:41:36',0,'2015-03-23 03:41:36'),('120150336100436001','2015-03-23 14:05:02','120150336100436','','F','F',1,'2015-03-23 14:05:02',NULL,NULL,NULL,NULL,0,'2015-03-23 14:05:02',0,'2015-03-23 14:05:02'),('120150346100646001','2015-03-23 14:07:44','120150346100646','','F','F',2,'2015-03-23 14:07:44',NULL,NULL,NULL,NULL,0,'2015-03-23 14:07:44',0,'2015-03-23 14:07:44'),('120150305230305001','2015-03-24 03:03:32','120150305230305','','F','F',1,'2015-03-24 03:03:32',NULL,NULL,NULL,NULL,0,'2015-03-24 03:03:32',0,'2015-03-24 03:03:32'),('120150309002309001','2015-03-24 04:23:49','120150309002309','','F','F',1,'2015-03-24 04:23:49',NULL,NULL,NULL,NULL,0,'2015-03-24 04:23:49',0,'2015-03-24 04:23:49'),('120150336100436002','2015-03-24 09:32:02','120150336100436','','F','F',2,'2015-03-24 09:32:02',NULL,NULL,NULL,NULL,0,'2015-03-24 09:32:02',0,'2015-03-24 09:32:02'),('220150345104045001','2015-03-25 14:42:33','220150345104045','','F','F',2,'2015-03-25 14:42:33',NULL,NULL,NULL,NULL,0,'2015-03-25 14:42:33',0,'2015-03-25 14:42:33'),('220150345104045002','2015-03-25 14:48:32','220150345104045','','F','F',2,'2015-03-25 14:48:32',NULL,NULL,NULL,NULL,0,'2015-03-25 14:48:32',0,'2015-03-25 14:48:32'),('220150357105257001','2015-03-25 14:53:31','220150357105257','','F','F',2,'2015-03-25 14:53:31',NULL,NULL,NULL,NULL,0,'2015-03-25 14:53:31',0,'2015-03-25 14:53:31'),('220150307105707001','2015-03-25 14:57:24','220150307105707','','F','F',2,'2015-03-25 14:57:24',NULL,NULL,NULL,NULL,0,'2015-03-25 14:57:24',0,'2015-03-25 14:57:24'),('220150301105801001','2015-03-25 14:58:13','220150301105801','','F','F',2,'2015-03-25 14:58:13',NULL,NULL,NULL,NULL,0,'2015-03-25 14:58:13',0,'2015-03-25 14:58:13'),('220150356235856001','2015-03-26 04:01:53','220150356235856','','F','F',2,'2015-03-26 04:01:53',NULL,NULL,NULL,NULL,0,'2015-03-26 04:01:53',0,'2015-03-26 04:01:53'),('220150356235856002','2015-03-26 04:02:39','220150356235856','','F','F',2,'2015-03-26 04:02:39',NULL,NULL,NULL,NULL,0,'2015-03-26 04:02:39',0,'2015-03-26 04:02:39'),('220150356235856003','2015-03-26 04:04:16','220150356235856','','F','F',2,'2015-03-26 04:04:16',NULL,NULL,NULL,NULL,0,'2015-03-26 04:04:16',0,'2015-03-26 04:04:16'),('220150356235856004','2015-03-26 04:24:40','220150356235856','','F','F',2,'2015-03-26 04:24:40',NULL,NULL,NULL,NULL,0,'2015-03-26 04:24:40',0,'2015-03-26 04:24:40'),('220150356235856005','2015-03-26 04:25:47','220150356235856','','F','F',2,'2015-03-26 04:25:47',NULL,NULL,NULL,NULL,0,'2015-03-26 04:25:47',0,'2015-03-26 04:25:47'),('220150305002705001','2015-03-26 04:27:21','220150305002705','','F','F',2,'2015-03-26 04:27:21',NULL,NULL,NULL,NULL,0,'2015-03-26 04:27:21',0,'2015-03-26 04:27:21'),('120150331004231001','2015-03-26 04:42:54','120150331004231','','F','F',1,'2015-03-26 04:42:54',NULL,NULL,NULL,NULL,0,'2015-03-26 04:42:54',0,'2015-03-26 04:42:54'),('120150331004231002','2015-03-26 04:42:59','120150331004231','','F','F',1,'2015-03-26 04:42:59',NULL,NULL,NULL,NULL,0,'2015-03-26 04:42:59',0,'2015-03-26 04:42:59'),('220150356235856006','2015-03-26 06:29:01','220150356235856','','F','F',2,'2015-03-26 06:29:01',NULL,NULL,NULL,NULL,0,'2015-03-26 06:29:01',0,'2015-03-26 06:29:01'),('220150356235856007','2015-03-26 06:33:50','220150356235856','','F','F',1,'2015-03-26 06:33:50',NULL,NULL,NULL,NULL,0,'2015-03-26 06:33:50',0,'2015-03-26 06:33:50'),('220150305002705002','2015-03-26 12:41:49','220150305002705','','F','F',2,'2015-03-26 12:41:49',NULL,NULL,NULL,NULL,0,'2015-03-26 12:41:49',0,'2015-03-26 12:41:49'),('220150340224040001','2015-03-28 02:41:03','220150340224040','','F','F',2,'2015-03-28 02:41:03',NULL,NULL,NULL,NULL,0,'2015-03-28 02:41:03',0,'2015-03-28 02:41:03'),('120150358000258001','2015-03-28 04:12:08','120150358000258','','F','F',1,'2015-03-28 04:12:08',NULL,NULL,NULL,NULL,0,'2015-03-28 04:12:08',0,'2015-03-28 04:12:08'),('120150358000258002','2015-03-28 05:31:52','120150358000258','','F','F',2,'2015-03-28 05:31:52',NULL,NULL,NULL,NULL,0,'2015-03-28 05:31:52',0,'2015-03-28 05:31:52'),('120150345033945001','2015-03-28 07:41:17','120150345033945','','F','F',2,'2015-03-28 07:41:17',NULL,NULL,NULL,NULL,0,'2015-03-28 07:41:17',0,'2015-03-28 07:41:17'),('220150334035334001','2015-03-28 07:57:56','220150334035334','','F','F',2,'2015-03-28 07:57:56',NULL,NULL,NULL,NULL,0,'2015-03-28 07:57:56',0,'2015-03-28 07:57:56'),('120150332034632001','2015-03-28 08:00:27','120150332034632','','F','F',1,'2015-03-28 08:00:27',NULL,NULL,NULL,NULL,0,'2015-03-28 08:00:27',0,'2015-03-28 08:00:27'),('120150332034632002','2015-03-28 08:31:47','120150332034632','','F','F',1,'2015-03-28 08:31:47',NULL,NULL,NULL,NULL,0,'2015-03-28 08:31:47',0,'2015-03-28 08:31:47'),('120150356043156001','2015-03-28 08:32:02','120150356043156','','F','F',1,'2015-03-28 08:32:02',NULL,NULL,NULL,NULL,0,'2015-03-28 08:32:02',0,'2015-03-28 08:32:02'),('120150356043156002','2015-03-28 08:33:08','120150356043156','','F','F',2,'2015-03-28 08:33:08',NULL,NULL,NULL,NULL,0,'2015-03-28 08:33:08',0,'2015-03-28 08:33:08'),('120150303051203001','2015-03-28 09:12:17','120150303051203','','F','F',1,'2015-03-28 09:12:17',NULL,NULL,NULL,NULL,0,'2015-03-28 09:12:17',0,'2015-03-28 09:12:17'),('120150350051750001','2015-03-28 09:18:15','120150350051750','','F','F',2,'2015-03-28 09:18:15',NULL,NULL,NULL,NULL,0,'2015-03-28 09:18:15',0,'2015-03-28 09:18:15'),('220150325061725001','2015-03-28 10:18:14','220150325061725','','F','F',2,'2015-03-28 10:18:14',NULL,NULL,NULL,NULL,0,'2015-03-28 10:18:14',0,'2015-03-28 10:18:14'),('220150325061725002','2015-03-28 10:18:18','220150325061725','','K','P',2,'2015-03-28 10:18:18',NULL,NULL,NULL,NULL,0,'2015-03-28 10:18:18',0,'2015-03-28 10:18:18'),('220150307062207001','2015-03-28 10:22:12','220150307062207','','F','F',2,'2015-03-28 10:22:12',NULL,NULL,NULL,NULL,0,'2015-03-28 10:22:12',0,'2015-03-28 10:22:12'),('220150331065831001','2015-03-28 10:59:10','220150331065831','','F','F',2,'2015-03-28 10:59:10',NULL,NULL,NULL,NULL,0,'2015-03-28 10:59:10',0,'2015-03-28 10:59:10'),('220150359070059001','2015-03-28 11:01:03','220150359070059','','F','F',2,'2015-03-28 11:01:03',NULL,NULL,NULL,NULL,0,'2015-03-28 11:01:03',0,'2015-03-28 11:01:03'),('220150300111800001','2015-03-29 16:22:55','220150300111800','','F','F',2,'2015-03-29 16:22:55',NULL,NULL,NULL,NULL,0,'2015-03-29 16:22:55',0,'2015-03-29 16:22:55'),('120150348222948001','2015-03-30 03:30:45','120150348222948','','F','F',2,'2015-03-30 03:30:45',NULL,NULL,NULL,NULL,0,'2015-03-30 03:30:45',0,'2015-03-30 03:30:45'),('120150314004114001','2015-03-30 05:41:28','120150314004114','','F','F',1,'2015-03-30 05:41:28',NULL,NULL,NULL,NULL,0,'2015-03-30 05:41:28',0,'2015-03-30 05:41:28'),('120150350004150001','2015-03-30 05:42:01','120150350004150','','F','F',1,'2015-03-30 05:42:01',NULL,NULL,NULL,NULL,0,'2015-03-30 05:42:01',0,'2015-03-30 05:42:01'),('120150305015705001','2015-03-30 06:57:11','120150305015705','','F','F',1,'2015-03-30 06:57:11',NULL,NULL,NULL,NULL,0,'2015-03-30 06:57:11',0,'2015-03-30 06:57:11'),('120150317054617001','2015-03-31 10:48:30','120150317054617','','F','F',2,'2015-03-31 10:48:30',NULL,NULL,NULL,NULL,0,'2015-03-31 10:48:30',0,'2015-03-31 10:48:30'),('120150317054617002','2015-03-31 10:51:16','120150317054617','','F','F',2,'2015-03-31 10:51:16',NULL,NULL,NULL,NULL,0,'2015-03-31 10:51:16',0,'2015-03-31 10:51:16'),('220150300091800001','2015-03-31 14:18:24','220150300091800','','F','F',2,'2015-03-31 14:18:24',NULL,NULL,NULL,NULL,0,'2015-03-31 14:18:24',0,'2015-03-31 14:18:24'),('220150318092218001','2015-03-31 14:23:28','220150318092218','','F','F',2,'2015-03-31 14:23:28',NULL,NULL,NULL,NULL,0,'2015-03-31 14:23:28',0,'2015-03-31 14:23:28'),('220150314093414001','2015-03-31 14:37:01','220150314093414','','F','F',2,'2015-03-31 14:37:01',NULL,NULL,NULL,NULL,0,'2015-03-31 14:37:01',0,'2015-03-31 14:37:01'),('220150336093936001','2015-03-31 14:40:49','220150336093936','','F','F',2,'2015-03-31 14:40:49',NULL,NULL,NULL,NULL,0,'2015-03-31 14:40:49',0,'2015-03-31 14:40:49'),('220150336093936002','2015-03-31 14:41:37','220150336093936','','K','P',2,'2015-03-31 14:41:37',NULL,NULL,NULL,NULL,0,'2015-03-31 14:41:37',0,'2015-03-31 14:41:37'),('220150324094224001','2015-03-31 14:42:34','220150324094224','','F','F',2,'2015-03-31 14:42:34',NULL,NULL,NULL,NULL,0,'2015-03-31 14:42:34',0,'2015-03-31 14:42:34'),('220150336093936003','2015-03-31 15:01:15','220150336093936','','F','F',2,'2015-03-31 15:01:15',NULL,NULL,NULL,NULL,0,'2015-03-31 15:01:15',0,'2015-03-31 15:01:15'),('120150305015705002','2015-03-31 15:38:01','120150305015705','','F','F',2,'2015-03-31 15:38:01',NULL,NULL,NULL,NULL,0,'2015-03-31 15:38:01',0,'2015-03-31 15:38:01'),('220150300091800002','2015-03-31 15:39:18','220150300091800','','F','F',2,'2015-03-31 15:39:18',NULL,NULL,NULL,NULL,0,'2015-03-31 15:39:18',0,'2015-03-31 15:39:18'),('220150420111820001','2015-04-02 16:18:52','220150420111820','','F','F',2,'2015-04-02 16:18:52',NULL,NULL,NULL,NULL,0,'2015-04-02 16:18:52',0,'2015-04-02 16:18:52'),('220150424111924001','2015-04-02 16:19:41','220150424111924','','F','F',2,'2015-04-02 16:19:41',NULL,NULL,NULL,NULL,0,'2015-04-02 16:19:41',0,'2015-04-02 16:19:41'),('220150420111820002','2015-04-02 16:31:40','220150420111820','','K','F',2,'2015-04-02 16:31:40',NULL,NULL,NULL,NULL,0,'2015-04-02 16:31:40',0,'2015-04-02 16:31:40'),('220150424111924002','2015-04-02 16:31:59','220150424111924','','F','F',2,'2015-04-02 16:31:59',NULL,NULL,NULL,NULL,0,'2015-04-02 16:31:59',0,'2015-04-02 16:31:59'),('220150420111820003','2015-04-02 16:52:42','220150420111820','','K','F',2,'2015-04-02 16:52:42',NULL,NULL,NULL,NULL,0,'2015-04-02 16:52:42',0,'2015-04-02 16:52:42'),('220150424111924003','2015-04-02 16:52:58','220150424111924','','K','F',2,'2015-04-02 16:52:58',NULL,NULL,NULL,NULL,0,'2015-04-02 16:52:58',0,'2015-04-02 16:52:58'),('220150424111924004','2015-04-03 05:13:45','220150424111924','','K','P',2,'2015-04-03 05:13:45',NULL,NULL,NULL,NULL,0,'2015-04-03 05:13:45',0,'2015-04-03 05:13:45'),('220150424111924005','2015-04-03 06:43:47','220150424111924','','K','P',2,'2015-04-03 06:43:47',NULL,NULL,NULL,NULL,0,'2015-04-03 06:43:47',0,'2015-04-03 06:43:47'),('220150424111924006','2015-04-03 10:43:26','220150424111924','','K','P',2,'2015-04-03 10:43:26',NULL,NULL,NULL,NULL,0,'2015-04-03 10:43:26',0,'2015-04-03 10:43:26'),('220150318092218002','2015-04-03 10:51:41','220150318092218','','K','P',2,'2015-04-03 10:51:41',NULL,NULL,NULL,NULL,0,'2015-04-03 10:51:41',0,'2015-04-03 10:51:41'),('220150424111924007','2015-04-03 10:53:50','220150424111924','','K','P',2,'2015-04-03 10:53:50',NULL,NULL,NULL,NULL,0,'2015-04-03 10:53:50',0,'2015-04-03 10:53:50'),('220150318092218003','2015-04-03 11:06:56','220150318092218','','K','P',2,'2015-04-03 11:06:56',NULL,NULL,NULL,NULL,0,'2015-04-03 11:06:56',0,'2015-04-03 11:06:56'),('220150446071946001','2015-04-03 12:20:03','220150446071946','','K','P',2,'2015-04-03 12:20:03',NULL,NULL,NULL,NULL,0,'2015-04-03 12:20:03',0,'2015-04-03 12:20:03'),('220150446071946002','2015-04-03 12:21:20','220150446071946','','K','P',2,'2015-04-03 12:21:20',NULL,NULL,NULL,NULL,0,'2015-04-03 12:21:20',0,'2015-04-03 12:21:20'),('220150453112953001','2015-04-03 16:30:22','220150453112953','','K','P',2,'2015-04-03 16:30:22',NULL,NULL,NULL,NULL,0,'2015-04-03 16:30:22',0,'2015-04-03 16:30:22'),('220150453112953002','2015-04-03 16:31:45','220150453112953','','K','P',2,'2015-04-03 16:31:45',NULL,NULL,NULL,NULL,0,'2015-04-03 16:31:45',0,'2015-04-03 16:31:45'),('220150453112953003','2015-04-03 16:31:58','220150453112953','','K','P',2,'2015-04-03 16:31:58',NULL,NULL,NULL,NULL,0,'2015-04-03 16:31:58',0,'2015-04-03 16:31:58'),('220150458113258001','2015-04-03 16:33:06','220150458113258','','K','P',2,'2015-04-03 16:33:06',NULL,NULL,NULL,NULL,0,'2015-04-03 16:33:06',0,'2015-04-03 16:33:06'),('220150443114243001','2015-04-03 16:43:06','220150443114243','','K','P',2,'2015-04-03 16:43:06',NULL,NULL,NULL,NULL,0,'2015-04-03 16:43:06',0,'2015-04-03 16:43:06'),('220150410114510001','2015-04-03 16:45:20','220150410114510','','K','P',2,'2015-04-03 16:45:20',NULL,NULL,NULL,NULL,0,'2015-04-03 16:45:20',0,'2015-04-03 16:45:20'),('220150458121458001','2015-04-03 17:15:31','220150458121458','','K','P',2,'2015-04-03 17:15:32',NULL,NULL,NULL,NULL,0,'2015-04-03 17:15:31',0,'2015-04-03 17:15:31'),('220150449121849001','2015-04-03 17:19:24','220150449121849','','K','F',2,'2015-04-03 17:19:24',NULL,NULL,NULL,NULL,0,'2015-04-03 17:19:24',0,'2015-04-03 17:19:24'),('220150407220707001','2015-04-05 03:09:06','220150407220707','','K','P',2,'2015-04-05 03:09:07',NULL,NULL,NULL,NULL,0,'2015-04-05 03:09:06',0,'2015-04-05 03:09:06'),('220150407220707002','2015-04-05 06:07:26','220150407220707','','K','P',2,'2015-04-05 06:07:26',NULL,NULL,NULL,NULL,0,'2015-04-05 06:07:26',0,'2015-04-05 06:07:26'),('220150456094656001','2015-04-05 15:04:06','220150456094656','','K','F',2,'2015-04-05 15:04:07',NULL,NULL,NULL,NULL,0,'2015-04-05 15:04:06',0,'2015-04-05 15:04:06'),('220150400100500001','2015-04-05 15:05:30','220150400100500','','K','P',2,'2015-04-05 15:05:31',NULL,NULL,NULL,NULL,0,'2015-04-05 15:05:30',0,'2015-04-05 15:05:30'),('220150420181920001','2015-04-05 23:19:41','220150420181920','','K','P',2,'2015-04-05 23:19:42',NULL,NULL,NULL,NULL,0,'2015-04-05 23:19:41',0,'2015-04-05 23:19:41'),('220150459182159001','2015-04-05 23:22:08','220150459182159','','K','P',2,'2015-04-05 23:22:09',NULL,NULL,NULL,NULL,0,'2015-04-05 23:22:08',0,'2015-04-05 23:22:08'),('120150424035724001','2015-04-06 08:58:08','120150424035724','','K','P',1,'2015-04-06 08:58:09',NULL,NULL,NULL,NULL,0,'2015-04-06 08:58:08',0,'2015-04-06 08:58:08'),('220150449033449001','2015-04-06 09:27:39','220150449033449','','K','P',2,'2015-04-06 09:27:42',NULL,NULL,NULL,NULL,0,'2015-04-06 09:27:39',0,'2015-04-06 09:27:39'),('220150426082326001','2015-04-06 13:24:39','220150426082326','','K','P',2,'2015-04-06 13:24:40',NULL,NULL,NULL,NULL,0,'2015-04-06 13:24:39',0,'2015-04-06 13:24:39');

/*Table structure for table `tr_tamu` */

DROP TABLE IF EXISTS `tr_tamu`;

CREATE TABLE `tr_tamu` (
  `cIdTamu` varchar(50) NOT NULL,
  `dTglMasuk` datetime DEFAULT NULL,
  `cKdBooking` varchar(30) DEFAULT NULL,
  `dTglBooking` datetime DEFAULT NULL,
  `cFlag` char(2) DEFAULT NULL,
  `cKdCustomer` char(10) DEFAULT NULL,
  `vNmTamu` varchar(100) DEFAULT NULL,
  `cKdTable` int(11) DEFAULT NULL,
  `cJmlTamu` int(11) DEFAULT NULL,
  `cTelp` varchar(20) NOT NULL,
  `cAlamat` text NOT NULL,
  `cEmail` varchar(200) NOT NULL,
  `cStatus` char(1) DEFAULT NULL,
  `cWaiter` int(11) DEFAULT NULL,
  `nPrinted` int(11) DEFAULT NULL,
  `cKdEntity` varchar(3) DEFAULT NULL,
  `cUserCreated` int(11) DEFAULT NULL,
  `dDateCreated` datetime DEFAULT NULL,
  `cUserModify` int(11) DEFAULT NULL,
  `dDateModify` datetime DEFAULT NULL,
  PRIMARY KEY (`cIdTamu`)
) ENGINE=MyISAM DEFAULT CHARSET=latin1;

/*Data for the table `tr_tamu` */

insert  into `tr_tamu`(`cIdTamu`,`dTglMasuk`,`cKdBooking`,`dTglBooking`,`cFlag`,`cKdCustomer`,`vNmTamu`,`cKdTable`,`cJmlTamu`,`cTelp`,`cAlamat`,`cEmail`,`cStatus`,`cWaiter`,`nPrinted`,`cKdEntity`,`cUserCreated`,`dDateCreated`,`cUserModify`,`dDateModify`) values ('220150222054722','2015-02-28 10:47:22',NULL,NULL,'DI',NULL,'iwan',1,0,'','','','F',2,NULL,NULL,0,'2015-02-28 10:47:22',1,'2015-02-28 10:48:29'),('220150226060426','2015-02-28 11:04:26',NULL,NULL,'DI',NULL,'sas',1,20,'','','','F',2,NULL,NULL,0,'2015-02-28 11:04:26',0,'2015-02-28 11:04:26'),('220150224061324','2015-02-28 11:13:24',NULL,NULL,'DI',NULL,'satria',1,10,'','','','F',2,NULL,NULL,0,'2015-02-28 11:13:24',0,'2015-02-28 11:13:24'),('220150209062409','2015-02-28 11:24:09',NULL,NULL,'DI',NULL,'iwan',1,3,'','','','F',2,NULL,NULL,0,'2015-02-28 11:24:09',0,'2015-02-28 11:24:09'),('220150206062906','2015-02-28 11:29:06',NULL,NULL,'DI',NULL,'',2,0,'','','','F',2,NULL,NULL,0,'2015-02-28 11:29:06',0,'2015-02-28 11:58:46'),('220150239063239','2015-02-28 11:32:39',NULL,NULL,'DL',NULL,'test',0,0,'','','','F',2,NULL,NULL,0,'2015-02-28 11:32:39',0,'2015-02-28 11:32:39'),('220150201073401','2015-02-28 12:34:01',NULL,NULL,'DI',NULL,'satria',2,80,'','','','F',2,NULL,NULL,0,'2015-02-28 12:34:01',0,'2015-02-28 14:00:33'),('220150228095828','2015-02-28 14:58:28',NULL,NULL,'TA',NULL,'sat',0,0,'','','','F',2,NULL,NULL,0,'2015-02-28 14:58:28',0,'2015-02-28 14:58:28'),('220150209100609','2015-02-28 15:06:09',NULL,NULL,'DI',NULL,'st',1,1,'','','','F',2,NULL,NULL,0,'2015-02-28 15:06:09',0,'2015-02-28 15:06:09'),('220150226101726','2015-02-28 15:17:26',NULL,NULL,'TA',NULL,'fff',0,0,'','','','F',2,NULL,NULL,0,'2015-02-28 15:17:26',0,'2015-02-28 15:17:26'),('220150234110234','2015-02-28 16:02:34',NULL,NULL,'DL',NULL,'',0,0,'','','','F',2,NULL,NULL,0,'2015-02-28 16:02:34',0,'2015-02-28 16:02:34'),('220150243110243','2015-02-28 16:02:43',NULL,NULL,'DL',NULL,'',0,0,'','','','F',2,NULL,NULL,0,'2015-02-28 16:02:43',0,'2015-02-28 16:02:43'),('220150200111700','2015-02-28 16:17:00',NULL,NULL,'DI',NULL,'',1,20,'','','','F',2,NULL,NULL,0,'2015-02-28 16:17:00',0,'2015-02-28 16:17:00'),('220150252124552','2015-02-28 17:45:52',NULL,NULL,'DI',NULL,'',1,20,'','','','F',2,NULL,NULL,0,'2015-02-28 17:45:52',0,'2015-02-28 17:45:52'),('220150243125243','2015-02-28 17:52:43',NULL,NULL,'DI',NULL,'',2,2,'','','','F',2,NULL,NULL,0,'2015-02-28 17:52:43',2,'2015-02-28 18:23:38'),('720150231130431','2015-02-28 18:04:31',NULL,NULL,'DI',NULL,'',2,3,'','','','F',7,NULL,NULL,0,'2015-02-28 18:04:31',0,'2015-02-28 18:04:31'),('220150229130629','2015-02-28 18:06:29',NULL,NULL,'DI',NULL,'test',5,10,'','','','F',2,NULL,NULL,0,'2015-02-28 18:06:29',0,'2015-02-28 18:06:29'),('220150249130749','2015-02-28 18:07:49',NULL,NULL,'TA',NULL,'bd',0,0,'','','','F',2,NULL,NULL,0,'2015-02-28 18:07:49',0,'2015-02-28 18:07:49'),('220150202131102','2015-02-28 18:11:02',NULL,NULL,'DI',NULL,'5',1,0,'','','','F',2,NULL,NULL,0,'2015-02-28 18:11:02',1,'2015-02-28 18:52:01'),('220150210131410','2015-02-28 18:14:10',NULL,NULL,'DI',NULL,'',4,3,'','','','F',2,NULL,NULL,0,'2015-02-28 18:14:10',0,'2015-02-28 18:14:10'),('220150236131736','2015-02-28 18:17:36',NULL,NULL,'DI',NULL,'',5,3,'','','','F',2,NULL,NULL,0,'2015-02-28 18:17:36',2,'2015-02-28 18:21:23'),('220150218132718','2015-02-28 18:27:18',NULL,NULL,'DI',NULL,'',5,3,'','','','F',2,NULL,NULL,0,'2015-02-28 18:27:18',0,'2015-02-28 18:27:18'),('220150249135549','2015-02-28 18:55:49',NULL,NULL,'DI',NULL,'',2,2,'','','','F',2,NULL,NULL,0,'2015-02-28 18:55:49',2,'2015-02-28 18:57:51'),('220150227140227','2015-02-28 19:02:27',NULL,NULL,'TA',NULL,'test',0,0,'','','','F',2,NULL,NULL,0,'2015-02-28 19:02:27',0,'2015-02-28 19:02:27'),('220150231140731','2015-02-28 19:07:31',NULL,NULL,'DL',NULL,'cgfygy',0,0,'085553528985','','huhkjoko@vhgu.com','F',2,NULL,NULL,0,'2015-02-28 19:07:31',0,'2015-02-28 19:07:31'),('220150229141029','2015-02-28 19:10:29',NULL,NULL,'TA',NULL,'fyfugu',0,0,'','','','F',2,NULL,NULL,0,'2015-02-28 19:10:29',0,'2015-02-28 19:10:29'),('220150256141056','2015-02-28 19:10:56',NULL,NULL,'TA',NULL,'bbbb',0,0,'','','','F',2,NULL,NULL,0,'2015-02-28 19:10:56',0,'2015-02-28 19:10:56'),('220150216141316','2015-02-28 19:13:16',NULL,NULL,'DI',NULL,'5',1,0,'','','','F',2,NULL,NULL,0,'2015-02-28 19:13:16',2,'2015-02-28 19:14:02'),('220150202145302','2015-02-28 19:53:02',NULL,NULL,'DI',NULL,'satria',1,5,'','','','F',2,NULL,NULL,0,'2015-02-28 19:53:02',0,'2015-02-28 19:53:02'),('220150230153230','2015-02-28 20:32:30',NULL,NULL,'DI',NULL,'',1,2,'','','','F',2,NULL,NULL,0,'2015-02-28 20:32:30',0,'2015-02-28 20:32:30'),('220150212153512','2015-02-28 20:35:12',NULL,NULL,'TA',NULL,'bbbb',0,0,'','','','F',2,NULL,NULL,0,'2015-02-28 20:35:12',0,'2015-02-28 20:35:12'),('220150211153811','2015-02-28 20:38:11',NULL,NULL,'DL',NULL,'ggg',0,0,'55588','','ggh@mmm.mmm','F',2,NULL,NULL,0,'2015-02-28 20:38:11',0,'2015-02-28 20:38:11'),('220150254153854','2015-02-28 20:38:54',NULL,NULL,'DI',NULL,'yyy',2,3,'','','','F',2,NULL,NULL,0,'2015-02-28 20:38:54',0,'2015-02-28 21:43:28'),('220150251154751','2015-02-28 20:47:51',NULL,NULL,'TA',NULL,'ggg',0,0,'','','','F',2,NULL,NULL,0,'2015-02-28 20:47:51',0,'2015-02-28 20:47:51'),('220150239160739','2015-02-28 21:07:39',NULL,NULL,'TA',NULL,'rrf',0,0,'','','','F',2,NULL,NULL,0,'2015-02-28 21:07:39',0,'2015-02-28 21:07:39'),('220150224162224','2015-02-28 21:22:24',NULL,NULL,'TA',NULL,'vv',0,0,'','','','F',2,NULL,NULL,0,'2015-02-28 21:22:24',0,'2015-02-28 21:22:24'),('220150227162627','2015-02-28 21:26:27',NULL,NULL,'TA',NULL,'jj',0,0,'','','','F',2,NULL,NULL,0,'2015-02-28 21:26:27',0,'2015-02-28 21:26:27'),('220150251162751','2015-02-28 21:27:51',NULL,NULL,'DI',NULL,'',2,5,'','','','F',2,NULL,NULL,0,'2015-02-28 21:27:51',0,'2015-02-28 21:27:51'),('220150211163211','2015-02-28 21:32:11',NULL,NULL,'DI',NULL,'nn',3,3,'','','','F',2,NULL,NULL,0,'2015-02-28 21:32:11',0,'2015-02-28 21:32:11'),('220150211163411','2015-02-28 21:34:11',NULL,NULL,'DI',NULL,'',2,2,'','','','F',2,NULL,NULL,0,'2015-02-28 21:34:11',0,'2015-02-28 21:34:11'),('220150245163645','2015-02-28 21:36:45',NULL,NULL,'DL',NULL,'budi',0,0,'08161345784','','budisa13@gmail.com','F',2,NULL,NULL,0,'2015-02-28 21:36:45',0,'2015-02-28 21:36:45'),('220150211164011','2015-02-28 21:40:11',NULL,NULL,'TA',NULL,'test',0,0,'','','','F',2,NULL,NULL,0,'2015-02-28 21:40:11',0,'2015-02-28 21:40:11'),('220150242164142','2015-02-28 21:41:42',NULL,NULL,'DL',NULL,'ytty',0,0,'87757246867245','','vyghguguyiyu@.com','F',2,NULL,NULL,0,'2015-02-28 21:41:42',0,'2015-02-28 21:41:42'),('220150241164441','2015-02-28 21:44:41',NULL,NULL,'DI',NULL,'4',2,0,'','','','F',2,NULL,NULL,0,'2015-02-28 21:44:41',0,'2015-02-28 21:44:41'),('220150248164948','2015-02-28 21:49:48',NULL,NULL,'TA',NULL,'lukman',0,0,'','','','F',2,NULL,NULL,0,'2015-02-28 21:49:48',0,'2015-02-28 21:49:48'),('220150225165025','2015-02-28 21:50:25',NULL,NULL,'DI',NULL,'2',3,0,'','','','F',2,NULL,NULL,0,'2015-02-28 21:50:25',0,'2015-02-28 21:50:25'),('220150235172235','2015-02-28 22:22:35',NULL,NULL,'TA',NULL,'test',0,0,'','','','F',2,NULL,NULL,0,'2015-02-28 22:22:35',0,'2015-02-28 22:22:35'),('220150211172611','2015-02-28 22:26:11',NULL,NULL,'TA',NULL,'ryrhth',0,0,'','','','F',2,NULL,NULL,0,'2015-02-28 22:26:11',0,'2015-02-28 22:26:11'),('220150204173104','2015-02-28 22:31:04',NULL,NULL,'DI',NULL,'4',1,0,'','','','F',2,NULL,NULL,0,'2015-02-28 22:31:04',0,'2015-02-28 22:31:04'),('220150235173235','2015-02-28 22:32:35',NULL,NULL,'DI',NULL,'',2,0,'','','','F',2,NULL,NULL,0,'2015-02-28 22:32:35',0,'2015-02-28 22:32:35'),('220150239173539','2015-02-28 22:35:39',NULL,NULL,'DI',NULL,'4',5,0,'','','','F',2,NULL,NULL,0,'2015-02-28 22:35:39',0,'2015-02-28 22:47:16'),('120150241204841','2015-03-01 01:48:41',NULL,NULL,'DI',NULL,'tamu1',4,2,'','','','F',1,NULL,NULL,0,'2015-03-01 01:48:41',0,'2015-03-02 10:52:52'),('120150214205114','2015-03-01 01:51:14',NULL,NULL,'TA',NULL,'tamu10',0,0,'','','','F',1,NULL,NULL,0,'2015-03-01 01:51:14',0,'2015-03-01 01:51:14'),('120150209205309','2015-03-01 01:53:09',NULL,NULL,'DL',NULL,'tamu20',0,0,'021234567','','email@email.com','F',1,NULL,NULL,0,'2015-03-01 01:53:09',0,'2015-03-01 01:53:09'),('220150208222708','2015-03-01 03:27:08',NULL,NULL,'DI',NULL,'yuhi',1,3,'','','','F',2,NULL,NULL,0,'2015-03-01 03:27:08',0,'2015-03-01 03:27:08'),('220150214222914','2015-03-01 03:29:14',NULL,NULL,'TA',NULL,'endah.',0,0,'','','','F',2,NULL,NULL,0,'2015-03-01 03:29:14',0,'2015-03-01 03:29:14'),('220150258230058','2015-03-01 04:00:58',NULL,NULL,'DI',NULL,'guest6',1,4,'','','','F',2,NULL,NULL,0,'2015-03-01 04:00:58',0,'2015-03-01 04:00:58'),('720150229231529','2015-03-01 04:15:29',NULL,NULL,'DI',NULL,'ria',3,4,'','','','F',7,NULL,NULL,0,'2015-03-01 04:15:29',0,'2015-03-01 04:15:29'),('720150324054824','2015-03-02 10:48:24',NULL,NULL,'DI',NULL,'',2,12,'','','','F',7,NULL,NULL,0,'2015-03-02 10:48:24',0,'2015-03-02 10:48:24'),('220150301055601','2015-03-02 10:56:01',NULL,NULL,'DI',NULL,'budi',1,0,'','','','F',2,NULL,NULL,0,'2015-03-02 10:56:01',0,'2015-03-02 10:56:01'),('120150327042427','2015-03-03 09:24:27',NULL,NULL,'DI',NULL,'',4,2,'','','','F',1,NULL,NULL,0,'2015-03-03 09:24:27',0,'2015-03-03 15:12:27'),('120150338072938','2015-03-03 12:29:38',NULL,NULL,'DI',NULL,'',10,2,'','','','F',1,NULL,NULL,0,'2015-03-03 12:29:38',0,'2015-03-07 05:33:37'),('220150304094404','2015-03-03 14:44:04',NULL,NULL,'DI',NULL,'',8,123,'','','','F',2,NULL,NULL,0,'2015-03-03 14:44:04',0,'2015-03-03 14:44:04'),('220150300094600','2015-03-03 14:46:00',NULL,NULL,'DI',NULL,'4',2,0,'','','','F',2,NULL,NULL,0,'2015-03-03 14:46:00',0,'2015-03-03 14:46:00'),('220150357094957','2015-03-03 14:49:57',NULL,NULL,'DI',NULL,'6',4,0,'','','','F',2,NULL,NULL,0,'2015-03-03 14:49:57',0,'2015-03-03 14:49:57'),('220150328091528','2015-03-04 14:15:28',NULL,NULL,'DI',NULL,'tmu',3,2,'','','','F',2,NULL,NULL,0,'2015-03-04 14:15:28',0,'2015-03-04 14:15:28'),('220150338092138','2015-03-04 14:21:38',NULL,NULL,'DI',NULL,'',1,2,'','','','F',2,NULL,NULL,0,'2015-03-04 14:21:38',0,'2015-03-14 16:32:16'),('120150316003116','2015-03-07 05:31:16',NULL,NULL,'DI',NULL,'',9,2,'','','','F',1,NULL,NULL,0,'2015-03-07 05:31:16',0,'2015-03-07 05:31:16'),('520150313034313','2015-03-07 08:43:13',NULL,NULL,'DI',NULL,'adi',1,2,'','','','F',5,NULL,NULL,0,'2015-03-07 08:43:13',0,'2015-03-07 08:43:13'),('620150312040112','2015-03-07 09:01:12',NULL,NULL,'DI',NULL,'',1,2,'','','','F',6,NULL,NULL,0,'2015-03-07 09:01:12',0,'2015-03-07 09:01:12'),('420150330192030','2015-03-08 23:20:30',NULL,NULL,'DI',NULL,'satria',10,9,'','','','F',4,NULL,NULL,0,'2015-03-08 23:20:30',0,'2015-03-08 23:20:30'),('420150328142528','2015-03-09 18:25:28',NULL,NULL,'TA',NULL,'satriii',0,0,'','','','F',4,NULL,NULL,0,'2015-03-09 18:25:28',0,'2015-03-09 18:25:28'),('220150332150232','2015-03-09 19:02:32',NULL,NULL,'DL',NULL,'dd',0,0,'123','','jjh.jj@h','F',2,NULL,NULL,0,'2015-03-09 19:02:32',0,'2015-03-09 19:02:32'),('220150349150449','2015-03-09 19:04:49',NULL,NULL,'TA',NULL,'bn',0,0,'','','','F',2,NULL,NULL,0,'2015-03-09 19:04:49',0,'2015-03-09 19:04:49'),('520150352001752','2015-03-14 04:17:52',NULL,NULL,'DI',NULL,'hanan',1,2,'','','','F',5,NULL,NULL,0,'2015-03-14 04:17:52',0,'2015-03-14 04:17:52'),('220150336110836','2015-03-14 15:08:36',NULL,NULL,'DI',NULL,'',4,2,'','','','F',2,NULL,NULL,0,'2015-03-14 15:08:36',0,'2015-03-14 15:08:36'),('220150316110916','2015-03-14 15:09:16',NULL,NULL,'DI',NULL,'budi',3,5,'','','','F',2,NULL,NULL,0,'2015-03-14 15:09:16',0,'2015-03-14 15:09:16'),('220150302115702','2015-03-14 15:57:02',NULL,NULL,'TA',NULL,'sa',0,0,'','','','F',2,NULL,NULL,0,'2015-03-14 15:57:02',0,'2015-03-14 15:57:02'),('220150318122318','2015-03-14 16:23:18',NULL,NULL,'TA',NULL,'srt',0,0,'','','','F',2,NULL,NULL,0,'2015-03-14 16:23:18',0,'2015-03-14 16:23:18'),('220150308123008','2015-03-14 16:30:08',NULL,NULL,'DL',NULL,'f',0,0,'5','','gg@cc.com','F',2,NULL,NULL,0,'2015-03-14 16:30:08',0,'2015-03-14 16:30:08'),('220150328154128','2015-03-14 19:41:28',NULL,NULL,'DI',NULL,'',2,2,'','','','F',2,NULL,NULL,0,'2015-03-14 19:41:28',0,'2015-03-14 19:41:28'),('220150324022824','2015-03-15 06:28:24',NULL,NULL,'TA',NULL,'budi',0,0,'','','','F',2,NULL,NULL,0,'2015-03-15 06:28:24',0,'2015-03-15 06:28:24'),('220150357022957','2015-03-15 06:29:57',NULL,NULL,'DI',NULL,'nu',5,0,'','','','F',2,NULL,NULL,0,'2015-03-15 06:29:57',0,'2015-03-15 06:29:57'),('220150356054956','2015-03-15 09:49:56',NULL,NULL,'DI',NULL,'rk',5,2,'','','','F',2,NULL,NULL,0,'2015-03-15 09:49:56',0,'2015-03-15 09:49:56'),('120150333134333','2015-03-15 17:43:33',NULL,NULL,'DI',NULL,'ridwan',5,2,'','','','F',1,NULL,NULL,0,'2015-03-15 17:43:33',0,'2015-03-15 17:43:33'),('120150323023123','2015-03-17 06:31:23',NULL,NULL,'DI',NULL,'',10,2,'','','','F',1,NULL,NULL,0,'2015-03-17 06:31:23',0,'2015-03-17 06:31:23'),('220150332114032','2015-03-21 15:40:32',NULL,NULL,'TA',NULL,'budi',0,0,'','','','F',2,NULL,NULL,0,'2015-03-21 15:40:32',0,'2015-03-21 15:40:32'),('420150351122651','2015-03-21 16:26:51',NULL,NULL,'TA',NULL,'ResizableImageView',0,0,'','','','F',4,NULL,NULL,0,'2015-03-21 16:26:51',0,'2015-03-21 16:26:51'),('220150305122805','2015-03-21 16:28:05',NULL,NULL,'TA',NULL,'ResizableImageView',0,0,'','','','F',2,NULL,NULL,0,'2015-03-21 16:28:05',0,'2015-03-21 16:28:05'),('220150350155850','2015-03-21 19:58:50',NULL,NULL,'DL',NULL,'sdf',0,0,'234','','sdf@asdf.com','F',2,NULL,NULL,0,'2015-03-21 19:58:50',0,'2015-03-21 19:58:50'),('220150336162436','2015-03-21 20:24:36',NULL,NULL,'DI',NULL,'s',2,6,'','','','F',2,NULL,NULL,0,'2015-03-21 20:24:36',0,'2015-03-21 20:24:36'),('220150348162748','2015-03-21 20:27:48',NULL,NULL,'DI',NULL,'',2,9,'','','','F',2,NULL,NULL,0,'2015-03-21 20:27:48',0,'2015-03-21 20:27:48'),('220150328163228','2015-03-21 20:32:28',NULL,NULL,'DI',NULL,'',2,0,'','','','F',2,NULL,NULL,0,'2015-03-21 20:32:28',0,'2015-03-21 20:32:28'),('220150322163322','2015-03-21 20:33:22',NULL,NULL,'DI',NULL,'',2,0,'','','','F',2,NULL,NULL,0,'2015-03-21 20:33:22',0,'2015-03-21 20:33:22'),('220150329163729','2015-03-21 20:37:29',NULL,NULL,'DI',NULL,'',2,0,'','','','F',2,NULL,NULL,0,'2015-03-21 20:37:29',0,'2015-03-21 20:37:29'),('220150306165706','2015-03-21 20:57:06',NULL,NULL,'DI',NULL,'',2,0,'','','','F',2,NULL,NULL,0,'2015-03-21 20:57:06',0,'2015-03-21 20:57:06'),('220150310165910','2015-03-21 20:59:10',NULL,NULL,'DI',NULL,'',2,0,'','','','F',2,NULL,NULL,0,'2015-03-21 20:59:10',0,'2015-03-21 20:59:10'),('220150325170925','2015-03-21 21:09:25',NULL,NULL,'DI',NULL,'',2,0,'','','','F',2,NULL,NULL,0,'2015-03-21 21:09:25',0,'2015-03-21 21:09:25'),('220150312210812','2015-03-22 01:08:12',NULL,NULL,'DI',NULL,'',5,122,'','','','F',2,NULL,NULL,0,'2015-03-22 01:08:12',0,'2015-03-22 01:08:12'),('220150327224127','2015-03-22 02:41:27',NULL,NULL,'DI',NULL,'rafa',9,2,'','','','F',2,NULL,NULL,0,'2015-03-22 02:41:27',0,'2015-03-22 02:41:27'),('120150315000615','2015-03-22 04:06:15',NULL,NULL,'TA',NULL,'trial',0,0,'','','','F',1,NULL,NULL,0,'2015-03-22 04:06:15',0,'2015-03-22 04:06:15'),('120150327081227','2015-03-22 12:12:27',NULL,NULL,'DI',NULL,'guest',1,2,'','','','F',1,NULL,NULL,0,'2015-03-22 12:12:27',0,'2015-03-22 12:12:27'),('120150331130031','2015-03-22 17:00:31',NULL,NULL,'DI',NULL,'',1,2,'','','','F',1,NULL,NULL,0,'2015-03-22 17:00:31',0,'2015-03-22 17:00:31'),('220150324232124','2015-03-23 03:21:24',NULL,NULL,'DI',NULL,'n',1,5,'','','','F',2,NULL,NULL,0,'2015-03-23 03:21:24',0,'2015-03-23 03:21:24'),('220150308232308','2015-03-23 03:23:08',NULL,NULL,'DI',NULL,'',1,3,'','','','F',2,NULL,NULL,0,'2015-03-23 03:23:08',0,'2015-03-23 03:23:08'),('220150309232709','2015-03-23 03:27:09',NULL,NULL,'DI',NULL,'budi',1,3,'','','','F',2,NULL,NULL,0,'2015-03-23 03:27:09',0,'2015-03-23 03:27:09'),('220150357232857','2015-03-23 03:28:57',NULL,NULL,'DI',NULL,'vjhv',10,3,'','','','F',2,NULL,NULL,0,'2015-03-23 03:28:57',0,'2015-03-23 03:40:41'),('220150325233525','2015-03-23 03:35:25',NULL,NULL,'DL',NULL,'yoko',0,0,'56321869','','test','F',2,NULL,NULL,0,'2015-03-23 03:35:25',0,'2015-03-23 03:35:25'),('220150332234132','2015-03-23 03:41:32',NULL,NULL,'DI',NULL,'',9,3,'','','','F',2,NULL,NULL,0,'2015-03-23 03:41:32',0,'2015-03-26 04:37:44'),('120150336100436','2015-03-23 14:04:36',NULL,NULL,'DI',NULL,'tamu',8,2,'','','','F',1,NULL,NULL,0,'2015-03-23 14:04:36',0,'2015-03-23 14:04:36'),('120150346100646','2015-03-23 14:06:46',NULL,NULL,'TA',NULL,'coba pesan take away',0,0,'','','','F',1,NULL,NULL,0,'2015-03-23 14:06:46',0,'2015-03-23 14:06:46'),('120150305230305','2015-03-24 03:03:05',NULL,NULL,'TA',NULL,'Test',0,0,'','','','F',1,NULL,NULL,0,'2015-03-24 03:03:05',0,'2015-03-24 03:03:05'),('120150309002309','2015-03-24 04:23:09',NULL,NULL,'DI',NULL,'',2,4,'','','','F',1,NULL,NULL,0,'2015-03-24 04:23:09',0,'2015-03-24 04:23:09'),('220150345104045','2015-03-25 14:40:45',NULL,NULL,'DI',NULL,'amoen',3,2,'','','','F',2,NULL,NULL,0,'2015-03-25 14:40:45',0,'2015-03-25 14:40:45'),('220150357105257','2015-03-25 14:52:57',NULL,NULL,'DI',NULL,'butut',2,3,'','','','F',2,NULL,NULL,0,'2015-03-25 14:52:57',0,'2015-03-25 14:52:57'),('220150307105707','2015-03-25 14:57:07',NULL,NULL,'TA',NULL,'mirut',0,0,'','','','F',2,NULL,NULL,0,'2015-03-25 14:57:07',0,'2015-03-25 14:57:07'),('220150301105801','2015-03-25 14:58:01',NULL,NULL,'TA',NULL,'mirut',0,0,'','','','F',2,NULL,NULL,0,'2015-03-25 14:58:01',0,'2015-03-25 14:58:01'),('620150355130455','2015-03-25 17:04:55',NULL,NULL,'DI',NULL,'adi',1,465,'','','','F',6,NULL,NULL,0,'2015-03-25 17:04:55',0,'2015-03-25 17:04:55'),('620150306130506','2015-03-25 17:05:06',NULL,NULL,'DI',NULL,'adi',1,9999999,'','','','F',6,NULL,NULL,0,'2015-03-25 17:05:06',0,'2015-03-25 17:05:06'),('220150356235856','2015-03-26 03:58:56',NULL,NULL,'DI',NULL,'blmn',1,0,'','','','F',2,NULL,NULL,0,'2015-03-26 03:58:56',0,'2015-03-26 03:58:56'),('620150338001338','2015-03-26 04:13:38',NULL,NULL,'DI',NULL,'G',2,0,'','','','F',6,NULL,NULL,0,'2015-03-26 04:13:38',0,'2015-03-26 04:13:38'),('220150305002705','2015-03-26 04:27:05',NULL,NULL,'DI',NULL,'G',2,0,'','','','F',2,NULL,NULL,0,'2015-03-26 04:27:05',0,'2015-03-26 04:37:48'),('220150312004012','2015-03-26 04:40:12',NULL,NULL,'DI',NULL,'9999999999999999999999999999999999999999999',3,0,'','','','F',2,NULL,NULL,0,'2015-03-26 04:40:12',0,'2015-03-26 04:40:12'),('220150334004134','2015-03-26 04:41:34',NULL,NULL,'DI',NULL,'',3,2147483647,'','','','F',2,NULL,NULL,0,'2015-03-26 04:41:34',0,'2015-03-26 04:41:34'),('120150331004231','2015-03-26 04:42:31',NULL,NULL,'DI',NULL,'',5,2147483647,'','','','F',1,NULL,NULL,0,'2015-03-26 04:42:31',0,'2015-03-26 04:42:31'),('220150350004250','2015-03-26 04:42:50',NULL,NULL,'DI',NULL,'',3,2147483647,'','','','F',2,NULL,NULL,0,'2015-03-26 04:42:50',0,'2015-03-26 04:42:50'),('220150322004422','2015-03-26 04:44:22',NULL,NULL,'DI',NULL,'',3,0,'','','','F',2,NULL,NULL,0,'2015-03-26 04:44:22',0,'2015-03-26 04:44:22'),('220150340224040','2015-03-28 02:40:40',NULL,NULL,'DI',NULL,'',2,2,'','','','F',2,NULL,NULL,0,'2015-03-28 02:40:40',0,'2015-03-28 02:40:40'),('120150300000200','2015-03-28 04:02:00',NULL,NULL,'TA',NULL,'ttt',0,0,'','','','F',1,NULL,NULL,0,'2015-03-28 04:02:00',0,'2015-03-28 04:02:00'),('120150358000258','2015-03-28 04:02:58',NULL,NULL,'DI',NULL,'',2,2,'','','','F',1,NULL,NULL,0,'2015-03-28 04:02:58',0,'2015-03-28 04:33:12'),('120150345033945','2015-03-28 07:39:45',NULL,NULL,'DI',NULL,'yuhu',1,1,'','','','F',1,NULL,NULL,0,'2015-03-28 07:39:45',0,'2015-03-28 07:39:45'),('120150332034632','2015-03-28 07:46:32',NULL,NULL,'DI',NULL,'',1,2,'','','','F',1,NULL,NULL,0,'2015-03-28 07:46:32',0,'2015-03-28 07:46:32'),('220150334035334','2015-03-28 07:53:34',NULL,NULL,'DI',NULL,'',2,2,'','','','F',2,NULL,NULL,0,'2015-03-28 07:53:34',0,'2015-03-28 07:53:34'),('220150358040758','2015-03-28 08:07:58',NULL,NULL,'DI',NULL,'',5,99999,'','','','F',2,NULL,NULL,0,'2015-03-28 08:07:58',0,'2015-03-28 08:07:58'),('120150356043156','2015-03-28 08:31:56',NULL,NULL,'DI',NULL,'',4,2,'','','','F',1,NULL,NULL,0,'2015-03-28 08:31:56',0,'2015-03-28 08:31:56'),('120150303051203','2015-03-28 09:12:03',NULL,NULL,'DL',NULL,'coba',0,0,'08674535788','','lukman@dutaciptasolusindo.com','F',1,NULL,NULL,0,'2015-03-28 09:12:03',0,'2015-03-28 09:12:03'),('120150350051750','2015-03-28 09:17:50',NULL,NULL,'DL',NULL,'lukman',0,0,'088605857','','lukman@dutaciptasolusindo.com','F',1,NULL,NULL,0,'2015-03-28 09:17:50',0,'2015-03-28 09:17:50'),('220150325061725','2015-03-28 10:17:25',NULL,NULL,'DI',NULL,'test',1,10,'','','','F',2,NULL,NULL,0,'2015-03-28 10:17:25',0,'2015-03-28 10:17:25'),('220150307062207','2015-03-28 10:22:07',NULL,NULL,'DI',NULL,'y',1,2,'','','','F',2,NULL,NULL,0,'2015-03-28 10:22:07',0,'2015-03-28 10:22:07'),('220150331065831','2015-03-28 10:58:31',NULL,NULL,'DI',NULL,'rt',1,20,'','','','F',2,NULL,NULL,0,'2015-03-28 10:58:31',0,'2015-03-28 10:58:31'),('220150359070059','2015-03-28 11:00:59',NULL,NULL,'DI',NULL,'yu',1,10,'','','','F',2,NULL,NULL,0,'2015-03-28 11:00:59',0,'2015-03-28 11:00:59'),('220150300111800','2015-03-29 16:18:00',NULL,NULL,'DI',NULL,'mira',1,4,'','','','F',2,NULL,NULL,0,'2015-03-29 16:18:00',0,'2015-03-29 16:18:00'),('120150348222948','2015-03-30 03:29:48',NULL,NULL,'DI',NULL,'tamu',3,4,'','','','F',1,NULL,NULL,0,'2015-03-30 03:29:48',0,'2015-03-30 03:31:41'),('120150314004114','2015-03-30 05:41:14',NULL,NULL,'DI',NULL,'tamu1',1,2,'','','','F',1,NULL,NULL,0,'2015-03-30 05:41:14',0,'2015-03-30 05:41:14'),('120150350004150','2015-03-30 05:41:50',NULL,NULL,'DI',NULL,'tamu2',5,1,'','','','F',1,NULL,NULL,0,'2015-03-30 05:41:50',0,'2015-03-30 05:41:50'),('120150305015705','2015-03-30 06:57:05',NULL,NULL,'DI',NULL,'',2,12,'','','','F',1,NULL,NULL,0,'2015-03-30 06:57:05',0,'2015-03-30 06:57:05'),('120150309044209','2015-03-31 09:42:09',NULL,NULL,'DI',NULL,'',1,4,'','','','F',1,NULL,NULL,0,'2015-03-31 09:42:09',0,'2015-03-31 09:42:09'),('120150316050116','2015-03-31 10:01:16',NULL,NULL,'DI',NULL,'',1,4,'','','','F',1,NULL,NULL,0,'2015-03-31 10:01:16',0,'2015-03-31 10:01:16'),('120150338051538','2015-03-31 10:15:38',NULL,NULL,'DI',NULL,'',1,4,'','','','F',1,NULL,NULL,0,'2015-03-31 10:15:38',0,'2015-03-31 10:15:38'),('120150324051924','2015-03-31 10:19:24',NULL,NULL,'DI',NULL,'',1,2,'','','','F',1,NULL,NULL,0,'2015-03-31 10:19:24',0,'2015-03-31 10:19:24'),('120150336053236','2015-03-31 10:32:36',NULL,NULL,'DI',NULL,'',1,2,'','','','F',1,NULL,NULL,0,'2015-03-31 10:32:36',0,'2015-03-31 10:32:36'),('120150317054617','2015-03-31 10:46:17',NULL,NULL,'DI',NULL,'',8,1,'','','','F',1,NULL,NULL,0,'2015-03-31 10:46:17',0,'2015-03-31 14:38:56'),('220150300091800','2015-03-31 14:18:00',NULL,NULL,'DI',NULL,'amun',3,2,'','','','F',2,NULL,NULL,0,'2015-03-31 14:18:00',0,'2015-03-31 14:18:00'),('220150318092218','2015-03-31 14:22:18',NULL,NULL,'DI',NULL,'rizky',4,3,'','','','F',2,NULL,NULL,0,'2015-03-31 14:22:18',0,'2015-03-31 14:22:18'),('220150314093414','2015-03-31 14:34:14',NULL,NULL,'DI',NULL,'rizky',8,3,'','','','F',2,NULL,NULL,0,'2015-03-31 14:34:14',0,'2015-03-31 14:34:14'),('220150336093936','2015-03-31 14:39:36',NULL,NULL,'DI',NULL,'rava',1,5,'','','','F',2,NULL,NULL,0,'2015-03-31 14:39:36',0,'2015-04-01 03:24:03'),('220150324094224','2015-03-31 14:42:24',NULL,NULL,'DI',NULL,'rava',9,3,'','','','F',2,NULL,NULL,0,'2015-03-31 14:42:24',0,'2015-03-31 14:42:24'),('1020150424031524','2015-04-02 08:15:24',NULL,NULL,'DI',NULL,'',10,1,'','','','F',10,NULL,NULL,0,'2015-04-02 08:15:24',0,'2015-04-02 08:15:24'),('220150420111820','2015-04-02 16:18:20',NULL,NULL,'DI',NULL,'ridwan',1,12,'','','','F',2,NULL,NULL,0,'2015-04-02 16:18:20',0,'2015-04-02 16:18:20'),('220150424111924','2015-04-02 16:19:24',NULL,NULL,'DI',NULL,'monte',2,3,'','','','F',2,NULL,NULL,0,'2015-04-02 16:19:24',0,'2015-04-02 16:19:24'),('120150436235236','2015-04-03 04:52:36',NULL,NULL,'TA',NULL,'test',0,0,'','','','F',1,NULL,NULL,0,'2015-04-03 04:52:36',0,'2015-04-03 04:52:36'),('120150432235432','2015-04-03 04:54:32',NULL,NULL,'DL',NULL,'test',0,0,'91423568','','test@gmail.com','F',1,NULL,NULL,0,'2015-04-03 04:54:32',0,'2015-04-03 04:54:32'),('220150446071946','2015-04-03 12:19:46',NULL,NULL,'TA',NULL,'GT-P5100',0,0,'','','','F',2,NULL,NULL,0,'2015-04-03 12:19:46',0,'2015-04-03 12:19:46'),('220150453112953','2015-04-03 16:29:53',NULL,NULL,'DI',NULL,'',1,2,'','','','F',2,NULL,NULL,0,'2015-04-03 16:29:53',0,'2015-04-03 16:29:53'),('220150458113258','2015-04-03 16:32:58',NULL,NULL,'DI',NULL,'tya',4,3,'','','','F',2,NULL,NULL,0,'2015-04-03 16:32:58',0,'2015-04-03 16:38:54'),('220150443114243','2015-04-03 16:42:43',NULL,NULL,'DI',NULL,'putri',2,2,'','','','F',2,NULL,NULL,0,'2015-04-03 16:42:43',0,'2015-04-03 16:42:43'),('220150410114510','2015-04-03 16:45:10',NULL,NULL,'DI',NULL,'rafA',10,4,'','','','F',2,NULL,NULL,0,'2015-04-03 16:45:10',0,'2015-04-03 16:45:10'),('220150458121458','2015-04-03 17:14:58',NULL,NULL,'DI',NULL,'iqlima',1,2,'','','','F',2,NULL,NULL,0,'2015-04-03 17:14:58',0,'2015-04-03 17:14:58'),('220150449121849','2015-04-03 17:18:49',NULL,NULL,'DL',NULL,'iqlima omatun',0,0,'02135654','','iqlimarahmatunnisa23@gmail.com','F',2,NULL,NULL,0,'2015-04-03 17:18:49',0,'2015-04-03 17:18:49'),('220150407220707','2015-04-05 03:07:07',NULL,NULL,'DI',NULL,'',2,1,'','','','F',2,NULL,NULL,0,'2015-04-05 03:07:07',0,'2015-04-05 03:07:07'),('220150456094656','2015-04-05 14:46:56',NULL,NULL,'DI',NULL,'',1,3,'','','','F',2,NULL,NULL,0,'2015-04-05 14:46:56',0,'2015-04-05 14:46:56'),('220150400100500','2015-04-05 15:05:00',NULL,NULL,'DI',NULL,'',2,6,'','','','F',2,NULL,NULL,0,'2015-04-05 15:05:00',0,'2015-04-05 15:05:00'),('220150420181920','2015-04-05 23:19:20',NULL,NULL,'DI',NULL,'ridwan',1,3,'','','','F',2,NULL,NULL,0,'2015-04-05 23:19:20',0,'2015-04-05 23:19:20'),('220150459182159','2015-04-05 23:21:59',NULL,NULL,'DI',NULL,'test',1,0,'','','','F',2,NULL,NULL,0,'2015-04-05 23:21:59',0,'2015-04-05 23:21:59'),('220150449033449','2015-04-06 08:34:49',NULL,NULL,'DI',NULL,'Guest',2,2,'','','','F',2,NULL,NULL,0,'2015-04-06 08:34:49',0,'2015-04-06 08:34:49'),('120150424035724','2015-04-06 08:57:24',NULL,NULL,'DI',NULL,'ronald',3,2,'','','','F',1,NULL,NULL,0,'2015-04-06 08:57:24',0,'2015-04-06 08:57:24'),('220150422070322','2015-04-06 12:03:22',NULL,NULL,'DI',NULL,'Guest',1,2,'','','','F',2,NULL,NULL,0,'2015-04-06 12:03:22',0,'2015-04-06 12:03:22'),('220150426082326','2015-04-06 13:23:26',NULL,NULL,'DI',NULL,'',3,3,'','','','O',2,NULL,NULL,0,'2015-04-06 13:23:26',0,'2015-04-06 13:23:26');

/*Table structure for table `tsm_groupuser` */

DROP TABLE IF EXISTS `tsm_groupuser`;

CREATE TABLE `tsm_groupuser` (
  `cKdGroupUser` int(11) NOT NULL AUTO_INCREMENT,
  `vNmGroupUser` varchar(50) DEFAULT NULL,
  `cAktif` char(1) DEFAULT NULL,
  `cUserCreated` int(11) DEFAULT NULL,
  `dDateCreated` datetime DEFAULT NULL,
  `cUserModify` int(11) DEFAULT NULL,
  `dDateModify` datetime DEFAULT NULL,
  PRIMARY KEY (`cKdGroupUser`)
) ENGINE=MyISAM AUTO_INCREMENT=8 DEFAULT CHARSET=latin1;

/*Data for the table `tsm_groupuser` */

insert  into `tsm_groupuser`(`cKdGroupUser`,`vNmGroupUser`,`cAktif`,`cUserCreated`,`dDateCreated`,`cUserModify`,`dDateModify`) values (1,'Administtrator','T',1,'2015-01-16 01:11:47',1,'2015-01-16 01:11:47'),(2,'KITCHEN','T',8,'2015-02-14 19:01:10',7,'2015-02-27 13:55:12'),(3,'Test','T',1,'2015-03-28 10:26:15',1,'2015-03-28 10:26:15');

/*Table structure for table `tsm_logged` */

DROP TABLE IF EXISTS `tsm_logged`;

CREATE TABLE `tsm_logged` (
  `dTgl` datetime DEFAULT NULL,
  `fip` varchar(20) DEFAULT NULL,
  `cUserId` int(11) DEFAULT NULL,
  `csession_id` varchar(200) DEFAULT NULL
) ENGINE=MyISAM DEFAULT CHARSET=latin1;

/*Data for the table `tsm_logged` */

insert  into `tsm_logged`(`dTgl`,`fip`,`cUserId`,`csession_id`) values ('2015-01-15 21:50:42','127.0.0.1',1,'78f039570801eca363fa8e93b4b59943'),('2015-01-16 15:28:51','127.0.0.1',1,'9289bf366ef9b9070b3726be72900883'),('2015-01-16 21:00:31','127.0.0.1',1,'0757b8c012799ecab120d2f35cf838d3'),('2015-01-17 01:41:57','127.0.0.1',1,'d19c7613c6e4b2a05c47e2739f86d598'),('2015-01-17 03:33:19','127.0.0.1',1,'caa0546793afd20bdc30b2e354865d69'),('2015-01-17 03:34:21','127.0.0.1',1,'734b9da6a6254c0c4e17096e4fb7e55b'),('2015-01-17 11:05:15','127.0.0.1',1,'1585fb861880e60ac51fb1e3b2f209cb'),('2015-01-17 11:34:19','127.0.0.1',1,'c415ae22adfc8f09482bcb13ca9134a6'),('2015-01-17 06:20:42','125.160.115.43',1,'71434b8fd1e26202863f83177914e935'),('2015-01-17 06:26:25','125.160.115.43',1,'d8a62d64d435dfcb5a5e56be5b77973b'),('2015-01-17 07:54:44','125.160.115.43',1,'406ad7adb5ac53613f1682a859775976'),('2015-01-17 08:09:43','125.160.115.43',1,'572cedfaa206fc5a0a6903c2bc6f3b7a'),('2015-01-17 09:50:28','125.160.115.43',1,'008a5862300d167634f3eb6eaf115894'),('2015-01-17 09:50:33','125.160.115.43',1,'c3647584097fa6c839c47d2730f74c60'),('2015-01-17 09:55:27','125.160.115.43',1,'43b68d6a778da62ad025f9a1919803c4'),('2015-01-17 14:17:06','202.62.17.122',1,'22619f332f3e90e6f555c9c4e0bd6a98'),('2015-01-17 14:17:46','202.62.17.122',1,'32ba93f73ba91b48897a3d602d4169af'),('2015-01-17 14:21:50','202.62.17.122',1,'454f7171d23679b5e1fd8ab488eb467c'),('2015-01-17 18:12:16','139.192.70.148',1,'61c3da7b8d648f8bfa577f818c3b6fdf'),('2015-01-18 16:53:12','139.192.70.148',1,'43a81b08d8b4c67c7acd577f44a851db'),('2015-01-18 17:38:58','139.192.70.148',1,'b485b0102a378bd4a9b855042c373e4d'),('2015-01-18 18:11:59','139.192.70.148',1,'f5a8e63286850d49fb094e94ebcd6118'),('2015-01-22 01:43:25','182.253.33.238',1,'eef63b3baf3d1cfc5e9720d125c309cc'),('2015-01-23 16:04:29','120.168.1.2',1,'f23a3d61fe487626b42c3de477626827'),('2015-01-24 01:40:16','120.168.1.2',1,'b8795c70455a3d49db58c37287af9415'),('2015-01-24 04:07:16','120.175.147.74',1,'8104454680444940ee4ac87688c603d9'),('2015-01-24 04:08:55','120.175.147.74',1,'352c55d5458ba1543b473e848d2f5e3a'),('2015-01-24 10:42:07','180.244.21.8',1,'b59846beaaae246fe2f516138d1e7c9d'),('2015-01-24 13:41:18','180.244.21.8',1,'b8a0b80b9d26c4506afebf928b6a2d5c'),('2015-01-24 15:58:43','180.244.21.8',1,'93e343ad0a7362f23215867c1b950c82'),('2015-01-24 17:03:39','180.244.21.8',1,'05d810fb4aec57efd104bb64ef6e8e39'),('2015-01-24 17:04:09','180.244.21.8',1,'69720d547b2d8cf2937b78fd1d2a7061'),('2015-01-24 17:09:22','82.145.218.241',1,'8037744104061277f52e4de129e58deb'),('2015-01-28 06:01:28','114.4.21.208',1,'380044b79e69641d51a7fcfdd3ebc8c9'),('2015-01-29 11:10:26','120.174.116.195',1,'fa31f9d378278c3a14c13c5b5b349215'),('2015-01-29 15:43:32','66.249.82.161',1,'1e47abb13db3e6efe0b961e8c1843c2c'),('2015-01-29 15:43:35','66.249.82.152',1,'695cbc632d6193fa6b9dea6e257c8dec'),('2015-01-30 19:18:12','66.249.82.152',1,'cbefe4044e1ea03596a1fba12cb81f4a'),('2015-01-31 15:07:18','222.124.41.72',1,'9cfc45475a7666c06d6568c17c879aed'),('2015-02-01 03:16:30','36.71.114.75',1,'9206aed48ac84c7af11ebdc001ddc6ed'),('2015-02-04 12:48:30','202.62.16.34',1,'7d868078ee8fa73c30e3574102d372a0'),('2015-02-04 12:50:31','202.62.16.34',1,'006111569b4e2c1d03289c0c9241f7dc'),('2015-02-05 04:41:22','120.175.36.24',1,'1fcfb6fe13dc577f55266ed496149e9f'),('2015-02-06 16:09:24','139.0.66.25',1,'6ae9c17e9940a4f1adac8eff6f6f2dd6'),('2015-02-07 04:06:10','114.4.23.100',1,'505b9866b58acbb4259382d53ec49d6b'),('2015-02-07 04:39:21','114.4.23.100',1,'49251c0afb470a7dacbc3f3d9f3ea5ba'),('2015-02-08 08:05:26','139.0.66.25',1,'7be63bad484d4a40f997cb5f97672f0d'),('2015-02-09 02:46:16','139.0.66.25',1,'89cc2c7d6375c94467d803c872c1e7a9'),('2015-02-09 06:30:04','114.121.130.168',1,'5c32acddbcefd9d34c899b5c339b7fac'),('2015-02-12 16:04:24','125.160.201.186',1,'8cc63955171b1dfa95e761b59d4fb625'),('2015-02-13 17:49:29','139.192.70.148',1,'5482160d5be56a23a20a78fbb0d671ab'),('2015-02-14 06:05:45','120.164.43.209',1,'b556557f4242c1b6227398d7fd1a66dd'),('2015-02-14 17:46:41','180.252.170.118',1,'d47c4bfaba14e88708844d3867b3d1b1'),('2015-02-14 18:17:50','180.252.170.118',1,'4799d07f1a9d0997e186ae8ca560d2ed'),('2015-02-14 18:19:32','180.252.170.118',7,'fee2daf73b1ab504457ad8210d02b19a'),('2015-02-14 18:48:50','180.252.170.118',7,'b42044c323f35a2d1c5e7adb16d52765'),('2015-02-14 18:56:23','180.252.170.118',8,'1db552b3f38a565da24c0193035d9de1'),('2015-02-14 18:57:45','180.252.170.118',7,'a168d5d15c8310dee64e9ac748d227bb'),('2015-02-14 18:59:00','180.252.170.118',7,'ef10e11cb6a9d6e0fead194a4175b4b6'),('2015-02-14 19:04:56','180.252.170.118',7,'c9716c3ef56bbe2708e4f189b807b4d2'),('2015-02-15 17:43:58','223.255.225.66',1,'24dc5537440b0ef30522e4a52aad003e'),('2015-02-16 01:59:18','120.164.42.189',1,'188d56f3afaa0983946a0b3c0fd8a1aa'),('2015-02-16 02:29:13','125.160.100.52',1,'8e34ce42462369f455e4e5ef81b46417'),('2015-02-16 02:38:31','125.160.100.52',1,'b7b6d4bfe2fb3395f3648435b29b3561'),('2015-02-16 09:12:26','125.160.100.52',1,'3dcd41e52586cc683f70c77c626ec7fe'),('2015-02-16 15:02:22','139.0.66.225',1,'89922c5d2e62e3d986c12dbfce26f0b7'),('2015-02-16 15:02:43','139.0.66.225',1,'9364237b9be21efb145d40dae58d3062'),('2015-02-16 15:03:03','139.0.66.225',1,'2efa9f19e3bfdc334388f384b2d58a90'),('2015-02-17 05:45:12','110.137.235.189',1,'01dc4053e368a3fa916b70189896ff8a'),('2015-02-18 04:02:22','180.244.18.250',1,'58219d25d25f66f9003e5babc9927caa'),('2015-02-18 09:34:44','115.85.77.195',1,'6f7108a00e9ba6ae42f481704cfaaae6'),('2015-02-18 11:58:31','202.72.210.71',1,'db873c08c5654dc8d26ef1a93aa11bea'),('2015-02-18 13:23:05','139.0.66.225',1,'b4c21092098ebeed345885a018471dbc'),('2015-02-18 13:24:10','139.0.66.225',7,'f9a86ecc46371d7f1e8674ac139fe4ec'),('2015-02-20 03:09:15','125.166.35.12',1,'b693c48efd42ad99ac9e6afc0f942976'),('2015-02-20 05:57:12','125.166.35.12',7,'a3740c37d06c11fbd14616cb7f4fc3f8'),('2015-02-20 09:01:55','36.82.115.7',1,'f9dab04b8df3a82dcc3f9eef84af9948'),('2015-02-20 09:03:36','36.82.115.7',1,'095819ede01f6dcba8050db7c6d9939a'),('2015-02-20 15:18:07','120.164.45.33',1,'2ec60d0645c2c1fe26f1e6ea545117ec'),('2015-02-22 02:55:38','124.195.115.166',7,'96b242b1cf3c6e6aaf70c61f661f6209'),('2015-02-23 14:31:24','118.136.202.38',1,'009a7093765ffa6a11fbd9191be34cdb'),('2015-02-24 10:01:55','139.0.106.172',1,'d70197a5e5c3bc4a8233e5875fd1ca4b'),('2015-02-24 13:33:25','202.62.16.144',7,'c292a00e0c2e9a5396b16a6c3a130a18'),('2015-02-25 14:35:37','111.95.99.125',1,'06c7f9f2af4c7d8d97c3214720dad250'),('2015-02-26 12:43:41','202.62.17.93',7,'8c9f7ce8fd09dc44f2a43888343b8e4d'),('2015-02-26 12:53:38','202.62.17.93',1,'bb6c32e2b4bea9b24db92c888969ac0a'),('2015-02-26 13:23:06','118.136.202.38',1,'9017e9d12b5f2feab68314471a38a05d'),('2015-02-26 14:23:52','202.62.17.93',7,'f991756f3ae3c57ec290d0f2170829a5'),('2015-02-26 14:29:06','120.164.44.161',7,'b917e8e79c05bd08f6a38e8599a7bfe2'),('2015-02-27 01:19:43','124.195.112.205',1,'423211cc338e57165a402d530ce201ac'),('2015-02-27 13:51:19','202.62.16.0',7,'7fb4adfa3c56a16476c81131144f780a'),('2015-02-27 13:53:58','202.62.16.0',1,'df2872528514b32c733a1a7af9273d24'),('2015-02-27 13:54:17','202.62.16.0',7,'46672a4549361e8412cfe2b1c3811d05'),('2015-02-27 13:56:23','202.62.16.0',8,'ebfc49b504da9f481e2976abb276522d'),('2015-02-27 14:00:39','202.62.16.0',7,'96dc7495541138696f61768d5dc5eba3'),('2015-02-28 11:24:45','125.160.107.252',1,'29360e26ca2ba2e09462609b142f968f'),('2015-02-28 11:25:46','125.160.107.252',7,'4c43b384a2e73e1ab42ed3df5b372670'),('2015-02-28 14:29:26','125.160.107.252',1,'b33a582c2b89945ccefa993f2d2d0e57'),('2015-02-28 14:29:27','125.160.107.252',1,'7b120bbc9be1122b3d5953a9e6111629'),('2015-02-28 14:30:38','125.160.107.252',8,'7e44027da752437a2c37b42bf69e43e6'),('2015-02-28 14:30:42','125.160.107.252',8,'ee95ff8822d3d0910c0bd32ae87510a4'),('2015-03-01 01:59:57','120.168.0.124',7,'1e0df71d13a6157cce0bc6a9d9a7579a'),('2015-03-01 02:01:49','120.168.0.124',1,'efc67011e61f7c11f580e1fc8c1ff62b'),('2015-03-01 02:01:49','120.168.0.124',1,'efc67011e61f7c11f580e1fc8c1ff62b'),('2015-03-01 02:02:24','120.168.0.124',8,'0c8700cb5cf5e4c409489810f3a4ad9d'),('2015-03-01 03:30:26','120.181.29.4',8,'2fe7520e7c86b1df8adfda50e9f5f7af'),('2015-03-01 16:50:41','118.136.202.38',1,'5536c1ef9116f51724bad15d65b4d2e7'),('2015-03-01 16:52:11','118.136.202.38',7,'1690625dea017518f0c08c4eda15da04'),('2015-03-02 15:20:40','111.94.240.41',1,'0d733794e1cb843438133fede9648408'),('2015-03-03 15:25:06','111.94.240.41',8,'9f2421c20c36dc943afc271864a2a463'),('2015-03-04 14:17:50','124.195.119.208',7,'65d0950d93f2a3a7926a61d9b5a2e7c7'),('2015-03-04 14:18:39','124.195.119.208',8,'ed6a909e935774bbcb5c82930600741a'),('2015-03-06 11:23:57','120.164.45.159',8,'2909e0a368b2a92fe4eb817125ed82f0'),('2015-03-07 05:35:38','110.137.234.3',7,'b6de4d996d10fb3573bcb160305bc3f6'),('2015-03-14 04:18:57','118.136.124.166',7,'06759aa0d549602b5a8deb38f72ab01b'),('2015-03-14 13:04:33','125.166.31.170',1,'f87b784a7ac9bb6175ea07ea673a8276'),('2015-03-14 14:58:11','125.166.31.170',1,'ae2244d60b4cfacd19cb5c7d6957bdb4'),('2015-03-14 17:21:41','125.166.31.170',1,'6ed592f09bbb00ec0da3ef365798a5cc'),('2015-03-15 07:53:33','118.136.202.38',1,'9ee273df98685637936767d6302a2791'),('2015-03-15 09:53:12','118.136.124.166',1,'ccc3544f20d4afd0580c8e5e6c71bc22'),('2015-03-15 17:46:38','118.136.202.38',1,'cb33c235ffb48900b322ec7fbf54125d'),('2015-03-17 03:59:39','110.137.232.49',7,'5b517610fec86c24cea59c54ef07c127'),('2015-03-17 04:06:36','110.137.232.49',8,'a43c2cb2b1dfe4e76115dda0933d5db5'),('2015-03-17 04:08:44','110.137.232.49',1,'33cda5a0bf1ebcd3f95f03e8abe25cd1'),('2015-03-17 04:37:31','110.137.232.49',7,'d9f00587a357454dd40cff25cd0809fb'),('2015-03-18 12:12:23','114.4.23.71',7,'14f30751eb9b4ed2429c29bac97e6d41'),('2015-03-20 13:34:15','202.62.17.86',7,'4c4201c18013fea2006f5af5e3a33aba'),('2015-03-20 13:35:06','202.62.17.86',8,'465c3124ae222d8adbb7239c3815b8a4'),('2015-03-20 15:00:18','139.192.71.146',7,'4f7ad7bd63075f6e7b551ae2065ec132'),('2015-03-20 15:01:18','139.192.71.146',1,'97020851ca278597480861e2cf8be6f9'),('2015-03-21 10:08:08','111.94.81.107',7,'ff5015bc45376f5f3efb1ea6505b890b'),('2015-03-21 12:22:46','139.192.71.146',7,'73686fe9c59287b7103eba1e0d04e306'),('2015-03-21 12:23:52','111.94.81.107',7,'f130437ed49d1c774989677e2662e77c'),('2015-03-21 15:15:35','111.94.81.107',7,'d99c2a6aec8dbbc29a753aa695ec0e99'),('2015-03-21 15:16:16','111.94.81.107',7,'1b5104d879127e50c36e125f4bd65831'),('2015-03-21 15:18:22','111.94.81.107',1,'33f2a3a21c64b530e4a962494d930194'),('2015-03-21 15:41:18','111.94.81.107',7,'778eb1a0276adc9b18988c098304ff4d'),('2015-03-23 03:56:09','125.161.143.140',1,'20b18a28a80f159901f077914084dfbf'),('2015-03-24 14:20:56','124.195.115.72',7,'e7c714b829b5c503ad8d29b9563cad1e'),('2015-03-24 14:24:28','111.95.99.245',7,'ebe0a206bd9cb726fc851af76ebea7e1'),('2015-03-25 14:44:36','111.95.99.245',7,'4c53818a83089bb272ecdbee19a417d3'),('2015-03-25 14:53:52','111.95.99.245',7,'2518ee96b69c33541e66759888d9b873'),('2015-03-27 17:28:20','139.192.71.146',7,'7c222f6feda092fb6688fcfcf227d6be'),('2015-03-28 04:38:20','180.243.213.144',1,'f41dba83403576e0bca9bc2857773b22'),('2015-03-28 04:42:12','180.243.213.144',7,'1f2c22912eb3b85b5f0ea0877b0e4472'),('2015-03-28 04:45:40','180.243.213.144',7,'47d9ae8ae613373632ec1cc8e1a98f15'),('2015-03-28 04:51:45','180.243.213.144',8,'d36e97bce95ba18390c7bf68abd60fa7'),('2015-03-28 06:51:32','125.166.200.126',1,'4dc6b4e06e56b88365733a0fd5d319fc'),('2015-03-28 07:03:56','125.166.200.126',1,'5a2b1ad0b3a9669714e353bb36128fdb'),('2015-03-28 07:34:56','125.166.200.126',1,'b2c154b6073f13053659fcfb32f1a636'),('2015-03-28 07:44:01','125.166.200.126',1,'b77245d2c97cf39fb6d776e77ae520b2'),('2015-03-28 08:01:27','125.166.200.126',7,'cd89f6717866340489153d2fb357554a'),('2015-03-28 08:03:24','125.166.200.126',7,'cea238599b81f379e4c264bec16175f5'),('2015-03-28 08:19:24','125.166.200.126',1,'2508e24ca3b170063653ff9b4231161c'),('2015-03-28 08:30:54','125.166.200.126',1,'cc8a3f2d3fc77f6a7c3fb7f558337397'),('2015-03-28 08:31:10','125.166.200.126',7,'5108036ec47ea22d1798dcca12833a34'),('2015-03-28 08:33:52','125.166.200.126',7,'5b46c4c86d87a71d6eaef815a5f119ce'),('2015-03-28 08:45:29','125.166.200.126',7,'3c4e95fc296e45c0d624bfe49512162b'),('2015-03-28 08:50:42','125.166.200.126',1,'bff5e43dfe4471a8f780c1a9af33b1ab'),('2015-03-28 10:06:30','125.166.200.126',1,'fe196e92c9d37c7710a7ddd1070153bb'),('2015-03-28 10:08:14','125.166.200.126',1,'7811e3bef5f2187b5754317096c29a4e'),('2015-03-28 13:44:35','125.166.200.126',1,'708047b5b2dcb25a0d2b12d90c045751'),('2015-03-28 16:04:13','125.166.200.126',1,'3c9fa3e6d16b2bd8c98b520ca3b6e1b2'),('2015-03-28 16:52:30','125.166.200.126',7,'2b2e18e2c68499ebf72df16b11acbd88'),('2015-03-28 16:58:37','125.166.200.126',7,'2ff58c9bcdf4ae898fd8dd7bf7fc2d1b'),('2015-03-28 19:03:09','125.166.200.126',1,'98790beac36adad8f38c4ad51c298d51'),('2015-03-28 20:05:08','125.166.200.126',1,'a72bc9b04b60f0b9204e7dc7f0a12b52'),('2015-03-28 21:13:31','125.166.200.126',1,'a1481535223b2a59333358c100e809a3'),('2015-03-28 21:50:05','125.166.200.126',1,'d1772006d0185bce64f374e4e0e4c229'),('2015-03-29 04:58:04','180.243.213.160',1,'05dc21ea689014554139dbce6738c9c9'),('2015-03-29 09:29:55','139.192.71.146',1,'98650516c998e340bf240c9b57a10106'),('2015-03-29 16:19:01','111.94.81.206',1,'8f3ff9ae6611b28d0a83275ce8647856'),('2015-03-29 16:31:49','111.94.81.206',1,'8d1b83786e294830f612627b1006274e'),('2015-03-29 18:04:04','139.192.71.146',1,'0267919c30fbeb864facb94a2c3cb998'),('2015-03-30 03:18:26','180.252.166.15',1,'dda6bfd7dd34ff0ccea5a3fa2e60064a'),('2015-03-30 04:11:39','182.253.34.30',1,'291aae8a3dff5717a393dfcf53c02f3d'),('2015-03-30 05:08:01','182.253.34.30',1,'bca89270f465c564710dbdcf09d71c45'),('2015-03-30 05:23:29','180.252.166.15',1,'3cdb26839551c5df4dde26e8fb2ab9ce'),('2015-03-30 06:49:36','180.252.166.15',1,'a04a112a0ef1cc1d76a05c4a8922bfb4'),('2015-03-30 07:15:28','182.253.34.30',1,'15ba48dab681e50d4e40a9cf573babb8'),('2015-03-30 07:21:17','36.82.115.7',1,'54a2c8ef3237e9c6650ee535bdd0079f'),('2015-03-31 03:32:52','180.252.166.15',1,'bce0656d53bd5d89dc07605645f0315c'),('2015-03-31 07:01:13','110.137.227.227',1,'8140a92df080cde6a57d1feb95107ed1'),('2015-03-31 10:54:25','110.137.227.227',7,'511e569d2fcd64849a7a34f1e4b3d3b2'),('2015-03-31 10:57:14','110.137.227.227',1,'86a7f28fba8157b612c70c7b7613ca05'),('2015-03-31 11:04:00','110.137.227.227',1,'90aa2c01fd94d720a8796c438557a2db'),('2015-03-31 14:14:56','111.94.240.66',1,'cd4ce3bcbb4b468710fcdb7946a66bac'),('2015-03-31 14:16:33','111.94.240.66',7,'a47212562ecf7b4e8656f970ae1924fa'),('2015-03-31 14:36:42','111.94.240.66',7,'004e29b241e111c8794c49b5c2c9a87c'),('2015-03-31 15:36:18','111.94.240.66',1,'55f1dad59b8f329b0a6963c796f80213'),('2015-03-31 19:48:44','139.192.71.146',1,'3de8f23be8d88a83c98f50247257834d'),('2015-04-01 03:25:15','61.94.62.225',1,'80ceafa5e92da28c5ea3ec88b6ac85b1'),('2015-04-01 05:01:42','61.94.62.225',1,'cd68c4b14a27e33fb7038cf02f223376'),('2015-04-01 05:10:07','61.94.62.225',1,'427a41cccba2d3a993fa38f45effc954'),('2015-04-01 08:24:52','61.94.62.225',1,'3c3773a1923000bc36f0833fd3d9f5f5'),('2015-04-01 18:13:15','139.192.71.146',1,'e695655b591d62c44ad5dfc6aa3ee8a4'),('2015-04-02 03:23:52','180.243.212.8',1,'79f47b703c7eef8f8e69458df0a7006d'),('2015-04-02 03:28:40','36.82.115.7',1,'6805d2fbb435851c514f0cbe47868196'),('2015-04-02 03:36:25','36.82.115.7',1,'15615f7460b4ac75034544ae55c97c4a'),('2015-04-02 03:38:32','180.243.212.8',7,'a09145db69ded810b4c52b392eb9c998'),('2015-04-02 05:00:53','180.243.212.8',1,'3123551d7c21a46443171dd3b4178882'),('2015-04-02 07:31:57','180.243.212.8',1,'662baf3647390b7d310265f3225721c5'),('2015-04-02 08:23:58','180.243.212.8',7,'3ee4be2da5604136f3b625873502eb9c'),('2015-04-02 14:42:44','139.192.71.146',1,'e7c355f56011b12f9d75549c6110552d'),('2015-04-02 15:15:41','139.192.71.146',1,'1c9c0f8861bce4dd367255a26143dcfe'),('2015-04-02 16:08:35','111.94.240.66',1,'50eb63badb4082eb930003b43cd2407a'),('2015-04-02 16:15:53','139.192.71.146',7,'db063a4b833f5fe9873acf534ed27026'),('2015-04-02 16:16:12','139.192.71.146',7,'1867a1b27b0d0e4a54d7413fdc598877'),('2015-04-03 04:49:38','36.78.12.178',1,'f4c19a60187b4c912d28f46af7f745d5'),('2015-04-03 07:22:05','180.252.169.38',1,'37a2f9497a628823e3cc76e702b77b5d'),('2015-04-03 07:23:16','180.252.169.38',1,'a4ff9eb6923c04d51883e41c389119aa'),('2015-04-03 12:11:59','120.164.44.128',1,'03cdbf98c8c120cfef142d9c0ff325d7'),('2015-04-03 12:37:49','125.166.30.110',1,'90a9eda8ff376889f19345dd785a104e'),('2015-04-03 13:46:03','125.166.30.110',1,'14f287c8c8cc322acf700e4f3db46df8'),('2015-04-03 14:12:39','125.166.30.110',1,'e83f787269e32bdafea668e844bc342d'),('2015-04-03 16:32:07','125.160.109.230',7,'4bc12fb0bb00e5f7366eaa84e7dfad74'),('2015-04-03 18:20:49','139.192.71.146',7,'e907e17fb1c10681fed9685751821a90'),('2015-04-04 09:49:32','120.164.45.234',1,'465ae1959428c2d53a5785e7140af843'),('2015-04-05 14:32:26','::1',1,'9b610f1f4df2d3bad328f270b2922840'),('2015-04-05 14:47:37','::1',7,'bd89f2b5c815e9ec7acd9f101c1ccd62'),('2015-04-06 12:41:01','::1',1,'149a2a9dd2052c15dbb1765e99643a36'),('2015-04-06 13:24:28','::1',7,'ce1e30dfa69e4444ecbba42a882e06d1'),('2015-04-06 13:26:07','::1',1,'eedadbcf587e31321e93f0a4a2369905'),('2015-04-20 00:30:07','::1',1,'5f096c4cce219af830e3f77017eedbec');

/*Table structure for table `tsm_menu` */

DROP TABLE IF EXISTS `tsm_menu`;

CREATE TABLE `tsm_menu` (
  `fmenu` varchar(3) NOT NULL,
  `fparent` varchar(3) DEFAULT NULL,
  `fcaption` varchar(50) DEFAULT NULL,
  `fhandler` varchar(150) DEFAULT NULL,
  `ficon` varchar(100) DEFAULT NULL,
  `fnoedit` char(1) DEFAULT NULL,
  `fpublic` char(1) DEFAULT NULL,
  `forder` int(11) DEFAULT NULL,
  PRIMARY KEY (`fmenu`)
) ENGINE=MyISAM DEFAULT CHARSET=latin1;

/*Data for the table `tsm_menu` */

/*Table structure for table `tsm_pemakai` */

DROP TABLE IF EXISTS `tsm_pemakai`;

CREATE TABLE `tsm_pemakai` (
  `cUserId` int(10) NOT NULL AUTO_INCREMENT,
  `cUserName` varchar(150) DEFAULT NULL,
  `cPassword` varchar(100) DEFAULT NULL,
  `nNamaPemakai` varchar(150) DEFAULT NULL,
  `cNIP` varchar(30) DEFAULT NULL,
  `cStatus` char(1) DEFAULT NULL,
  `cKdPegawai` int(11) DEFAULT NULL,
  `cKdGroupUser` int(11) DEFAULT NULL,
  `dLastLogin` datetime DEFAULT NULL,
  `cUserCreated` int(11) DEFAULT NULL,
  `dDateCreated` datetime DEFAULT NULL,
  `cUserModify` int(11) DEFAULT NULL,
  `dDateModify` datetime DEFAULT NULL,
  PRIMARY KEY (`cUserId`),
  UNIQUE KEY `PK_tsm_pemakai` (`cUserId`)
) ENGINE=MyISAM AUTO_INCREMENT=11 DEFAULT CHARSET=utf8;

/*Data for the table `tsm_pemakai` */

insert  into `tsm_pemakai`(`cUserId`,`cUserName`,`cPassword`,`nNamaPemakai`,`cNIP`,`cStatus`,`cKdPegawai`,`cKdGroupUser`,`dLastLogin`,`cUserCreated`,`dDateCreated`,`cUserModify`,`dDateModify`) values (1,'admin@localhost.com','sbc1RA3OJTr0hGhr1YKpbcT4D8tYpuraC6qq99ba9E8=','Super Administrator','12345','1',1,1,'2015-04-20 00:30:07',NULL,NULL,NULL,NULL),(5,'monte@localhost.com','c8rz4M5V4nptkWoM2YAuxYTLgryXCOO8clI/8S/29ZQ=','MONTEZARI',NULL,'1',4,1,NULL,1,'2015-01-16 21:01:14',1,'2015-01-16 21:28:32'),(6,'ridwan@localhost.com','fuiFzhS5JmDO9Tz5zGMl48Z2D3M0hZo0mXntJqu4V1I=','RIDWAN',NULL,'1',2,1,NULL,1,'2015-01-16 21:04:20',1,'2015-01-16 21:29:03'),(7,'kitchen@localhost.com','0+H7AQhHU+BZ5NYFLcGUZAz9TtMcOpM/J3sXim/x1z4=','kitchen',NULL,'1',6,1,'2015-04-06 13:24:28',1,'2015-02-14 18:19:15',1,'2015-02-14 18:19:15'),(8,'manager@localhost.com','sQ9EIdHpEE9E0A857MBmcIS2856lyaH4AH5xSwKDJ4I=','manager',NULL,'1',7,1,'2015-03-28 04:51:45',7,'2015-02-14 18:55:48',7,'2015-02-14 18:55:48'),(9,'psycho80@gmail.com','m7dtMdv1eXXvfMp8CFisYmw7nk8l4+aiBnrLVWFQhVk=','AeroSmith',NULL,'1',8,3,NULL,1,'2015-03-28 13:47:12',1,'2015-03-28 13:47:12'),(10,'jono','ZEIBQ46FpqG/5otMzQTNy2bpy1HCCppC4Xa78SN+5Xc=','jono',NULL,'1',10,7,NULL,1,'2015-04-02 07:56:47',1,'2015-04-02 08:06:58');

/*Table structure for table `tsm_pemakai_entity` */

DROP TABLE IF EXISTS `tsm_pemakai_entity`;

CREATE TABLE `tsm_pemakai_entity` (
  `cId` int(11) NOT NULL AUTO_INCREMENT,
  `cUserId` int(11) DEFAULT NULL,
  `cKdEntity` varchar(3) DEFAULT NULL,
  `cStatus` char(1) DEFAULT NULL,
  PRIMARY KEY (`cId`)
) ENGINE=MyISAM AUTO_INCREMENT=7 DEFAULT CHARSET=latin1;

/*Data for the table `tsm_pemakai_entity` */

insert  into `tsm_pemakai_entity`(`cId`,`cUserId`,`cKdEntity`,`cStatus`) values (1,1,'CB1','1'),(2,1,'HO','1'),(3,4,'CB1','1'),(4,4,'HO','1'),(5,4,'HO','1'),(6,10,'tgr','1');

/*Table structure for table `tsm_priv` */

DROP TABLE IF EXISTS `tsm_priv`;

CREATE TABLE `tsm_priv` (
  `cKdGroupUser` int(11) NOT NULL,
  `cKdModuleId` varchar(5) NOT NULL,
  `cView` varchar(1) DEFAULT NULL,
  `cAdd` varchar(1) DEFAULT NULL,
  `cEdit` varchar(1) DEFAULT NULL,
  `cHapus` varchar(1) DEFAULT NULL,
  `cSubItem` varchar(1) DEFAULT NULL,
  PRIMARY KEY (`cKdGroupUser`,`cKdModuleId`)
) ENGINE=MyISAM DEFAULT CHARSET=latin1;

/*Data for the table `tsm_priv` */

/*Table structure for table `tsm_transno` */

DROP TABLE IF EXISTS `tsm_transno`;

CREATE TABLE `tsm_transno` (
  `cKdEntity` varchar(3) DEFAULT NULL,
  `cIdTrans` varchar(10) DEFAULT NULL,
  `cCount` int(11) DEFAULT NULL,
  `cKodeDok` varchar(20) DEFAULT NULL,
  `cBulan` varchar(2) DEFAULT NULL,
  `cTahun` varchar(4) DEFAULT NULL
) ENGINE=MyISAM DEFAULT CHARSET=latin1;

/*Data for the table `tsm_transno` */

insert  into `tsm_transno`(`cKdEntity`,`cIdTrans`,`cCount`,`cKodeDok`,`cBulan`,`cTahun`) values ('HO','INV',59,'','02','2015'),('HO','INV',57,'','03','2015'),('HO','PO',6,'','03','2015'),('HO','GR',5,'','03','2015'),('HO','RETURN',1,'','03','2015'),('HO','PAY',1,'','03','2015'),('HO','VCH',1,'','03','2015'),('HO','ADJ',1,'','03','2015'),('HO','INV',13,'','04','2015'),('HO','ADJ',1,'','04','2015');

/* Procedure structure for procedure `sp_kartu_stock` */

/*!50003 DROP PROCEDURE IF EXISTS  `sp_kartu_stock` */;

DELIMITER $$

/*!50003 CREATE DEFINER=`k1257545`@`localhost` PROCEDURE `sp_kartu_stock`(IN ptglAwal VARCHAR(10),IN ptglAkhir VARCHAR(10))
BEGIN
    SELECT 
    @saldoawal:=IF(@kdbrg<>stk.cKdBarang,stk.nQty_Saldo,@saldoakhir) AS csaldo, 
    @kdbrg:=IF(@kdbrg<>stk.cKdBarang,stk.cKdBarang,@kdbrg) AS cbrg,
    CASE  
      WHEN stk.JnsTrx = 'IN_BBM' THEN 'GR'  
      WHEN stk.JnsTrx = 'ADJUST' THEN 'ADJUSTMENT'  
      WHEN stk.JnsTrx = 'OUT_RETUR' THEN 'RETURN'  
      WHEN stk.JnsTrx = 'OUT_PESAN' THEN 'ORDER'  
    ELSE 'BEGIN' END AS cJenisTrx,  
    stk.cTrx, stk.JnsTrx, stk.cnotrans, stk.dtgltrans, stk.cKdBarang, stk.vNamaBarang, stk.cSatuan,  
    @saldoawal AS nQty_SaldoAwal, stk.nQty_In, stk.nQty_Out, @saldoakhir:=@saldoawal+stk.nQty_In+stk.nQty_Out AS nQty_SaldoAkhir
    FROM (	
      SELECT tbl.cTrx, tbl.JnsTrx, tbl.cnotrans, tbl.dtgltrans, tbl.cKdBarang, brg.vNamaBarang, tbl.cSatuan,
      SUM(tbl.nQty_Saldo) AS nQty_Saldo,
      CASE  
	WHEN tbl.JnsTrx = 'IN_BBM' THEN SUM(tbl.nQty_Trans)  
	WHEN tbl.JnsTrx = 'ADJUST' AND SUM(tbl.nQty_Trans) > 0 THEN SUM(tbl.nQty_Trans)  
      ELSE 0 END AS nQty_In,  
      CASE  
	WHEN tbl.JnsTrx = 'OUT_RETUR' THEN SUM(tbl.nQty_Trans)  
	WHEN tbl.JnsTrx = 'OUT_PESAN' THEN SUM(tbl.nQty_Trans)  
	WHEN tbl.JnsTrx = 'ADJUST' AND SUM(tbl.nQty_Trans) < 0 THEN SUM(tbl.nQty_Trans)  
      ELSE 0 END AS nQty_Out
      FROM ( 
	SELECT
	CASE WHEN ks.dtgltrans < STR_TO_DATE(ptglAwal,'%Y-%m-%d') THEN '00'  
	ELSE 'TR' END AS cTrx,   
	CASE WHEN ks.dtgltrans < STR_TO_DATE(ptglAwal,'%Y-%m-%d') THEN 'Saldo Awal'  
	ELSE  ks.JnsTrx END AS JnsTrx,   
	CASE WHEN ks.dtgltrans < STR_TO_DATE(ptglAwal,'%Y-%m-%d') THEN 'Saldo Awal'  
	ELSE CONCAT('''',ks.cnotrans) END AS cnotrans,  
	CASE WHEN ks.dtgltrans < STR_TO_DATE(ptglAwal,'%Y-%m-%d') THEN DATE_ADD(STR_TO_DATE(ptglAwal,'%Y-%m-%d'), INTERVAL -1 DAY)  
	ELSE ks.dtgltrans END AS dtgltrans, 
	ks.cKdBarang, ks.cSatuan,
	CASE WHEN ks.dtgltrans < STR_TO_DATE(ptglAwal,'%Y-%m-%d') THEN  
	SUM(ks.nQtyBBM+ks.nQtyRetur+ks.nQtyPesan+ks.nQtyAdjust)
	ELSE 0 END AS nQty_Saldo,   
	CASE WHEN ks.dtgltrans >= STR_TO_DATE(ptglAwal,'%Y-%m-%d') THEN  
	SUM(ks.nQtyBBM+ks.nQtyRetur+ks.nQtyPesan+ks.nQtyAdjust)  
	ELSE 0 END AS nQty_Trans
	FROM vw_kartu_stock ks
	WHERE ks.dtgltrans <= STR_TO_DATE(ptglAkhir,'%Y-%m-%d')
	GROUP BY ks.JnsTrx, ks.dtgltrans,ks.cKdBarang, ks.cSatuan
       ) tbl
       LEFT JOIN k1257545_duta_mst.ms_barang brg ON brg.cKdBarang = tbl.cKdBarang       
       GROUP BY tbl.cTrx, tbl.JnsTrx, tbl.cnotrans, tbl.dtgltrans, tbl.cKdBarang, tbl.cSatuan
    ) stk, (SELECT @saldoawal:=0,@saldoakhir:=0,@kdbrg:='') n 
    ORDER BY stk.cKdBarang, stk.cTrx, stk.dtgltrans;
    END */$$
DELIMITER ;

/*Table structure for table `vw_kartu_stock` */

DROP TABLE IF EXISTS `vw_kartu_stock`;

/*!50001 DROP VIEW IF EXISTS `vw_kartu_stock` */;
/*!50001 DROP TABLE IF EXISTS `vw_kartu_stock` */;

/*!50001 CREATE TABLE  `vw_kartu_stock`(
 `cId` bigint(20) ,
 `JnsTrx` varchar(9) ,
 `cNoTrans` varchar(55) ,
 `dTglTrans` date ,
 `cKdBarang` varchar(30) ,
 `nQtyBBM` decimal(31,2) ,
 `nQtyRetur` decimal(32,2) ,
 `nQtyPesan` double ,
 `nQtyAdjust` decimal(31,2) ,
 `cSatuan` char(3) 
)*/;

/*View structure for view vw_kartu_stock */

/*!50001 DROP TABLE IF EXISTS `vw_kartu_stock` */;
/*!50001 DROP VIEW IF EXISTS `vw_kartu_stock` */;

/*!50001 CREATE ALGORITHM=UNDEFINED DEFINER=`root`@`localhost` SQL SECURITY DEFINER VIEW `vw_kartu_stock` AS select 0 AS `cId`,'IN_BBM' AS `JnsTrx`,`k1257545_duta_resto`.`tr_icbbmdt`.`cNoBBM` AS `cNoTrans`,str_to_date(date_format(`k1257545_duta_resto`.`tr_icbbmdt`.`dTglBBM`,'%Y-%m-%d'),'%Y-%m-%d') AS `dTglTrans`,`k1257545_duta_resto`.`tr_icbbmdt`.`cKdBarang` AS `cKdBarang`,sum(`k1257545_duta_resto`.`tr_icbbmdt`.`nQtyBBM`) AS `nQtyBBM`,0 AS `nQtyRetur`,0 AS `nQtyPesan`,0 AS `nQtyAdjust`,`k1257545_duta_resto`.`tr_icbbmdt`.`cSatuan` AS `cSatuan` from `k1257545_duta_resto`.`tr_icbbmdt` group by `k1257545_duta_resto`.`tr_icbbmdt`.`cNoBBM`,str_to_date(date_format(`k1257545_duta_resto`.`tr_icbbmdt`.`dTglBBM`,'%Y-%m-%d'),'%Y-%m-%d'),`k1257545_duta_resto`.`tr_icbbmdt`.`cKdBarang`,`k1257545_duta_resto`.`tr_icbbmdt`.`cSatuan` union all select 1 AS `cId`,'OUT_RETUR' AS `JnsTrx`,`k1257545_duta_resto`.`tr_apreturdt`.`cNoRetur` AS `cNoRetur`,str_to_date(date_format(`k1257545_duta_resto`.`tr_apreturdt`.`dTglRetur`,'%Y-%m-%d'),'%Y-%m-%d') AS `dTglRetur`,`k1257545_duta_resto`.`tr_apreturdt`.`cKdBarang` AS `cKdBarang`,0 AS `nQtyBBM`,(sum(`k1257545_duta_resto`.`tr_apreturdt`.`nQtyRetur`) * -(1)) AS `nQtyRetur`,0 AS `nQtyPesan`,0 AS `nQtyAdjust`,`k1257545_duta_resto`.`tr_apreturdt`.`cSatuan` AS `cSatuan` from `k1257545_duta_resto`.`tr_apreturdt` group by `k1257545_duta_resto`.`tr_apreturdt`.`cNoRetur`,str_to_date(date_format(`k1257545_duta_resto`.`tr_apreturdt`.`dTglRetur`,'%Y-%m-%d'),'%Y-%m-%d'),`k1257545_duta_resto`.`tr_apreturdt`.`cKdBarang`,`k1257545_duta_resto`.`tr_apreturdt`.`cSatuan` union all select 2 AS `cId`,'OUT_PESAN' AS `JnsTrx`,`hd`.`cKdPesanan` AS `cKdPesanan`,str_to_date(date_format(`hd`.`dTglPesanan`,'%Y-%m-%d'),'%Y-%m-%d') AS `dTglPesanan`,`rec`.`cKdBarang_RAW` AS `cKdBarang_RAW`,0 AS `nQtyBBM`,0 AS `nQtyRetur`,((`rec`.`nQty` * (`dt`.`vQty` + coalesce(`dt`.`vQtyBungkus`,0))) * -(1)) AS `nQtyPesan`,0 AS `nQtyAdjust`,`rec`.`cSatuan` AS `cSatuan` from ((`k1257545_duta_resto`.`tr_pesanandt` `dt` left join `k1257545_duta_resto`.`tr_pesananhd` `hd` on((`hd`.`cKdPesanan` = `dt`.`cKdPesanan`))) left join `duta_mst`.`vw_ms_recipe` `rec` on((`rec`.`cKdBarang_FG` = `dt`.`cKdBarang`))) where (`rec`.`cKdBarang_RAW` is not null) union all select 3 AS `cId`,'ADJUST' AS `JnsTrx`,`k1257545_duta_resto`.`tr_adjustdt`.`cNoAdjust` AS `cNoAdjust`,str_to_date(date_format(`k1257545_duta_resto`.`tr_adjustdt`.`dTglAdjust`,'%Y-%m-%d'),'%Y-%m-%d') AS `dTglAdjust`,`k1257545_duta_resto`.`tr_adjustdt`.`cKdBarang` AS `cKdBarang`,0 AS `nQtyBBM`,0 AS `nQtyRetur`,0 AS `nQtyPesan`,sum(`k1257545_duta_resto`.`tr_adjustdt`.`nQtyAdjust`) AS `nQtyAdjust`,`k1257545_duta_resto`.`tr_adjustdt`.`cSatuan` AS `cSatuan` from `k1257545_duta_resto`.`tr_adjustdt` group by `k1257545_duta_resto`.`tr_adjustdt`.`cNoAdjust`,str_to_date(date_format(`k1257545_duta_resto`.`tr_adjustdt`.`dTglAdjust`,'%Y-%m-%d'),'%Y-%m-%d'),`k1257545_duta_resto`.`tr_adjustdt`.`cKdBarang`,`k1257545_duta_resto`.`tr_adjustdt`.`cSatuan` */;

/*!40101 SET SQL_MODE=@OLD_SQL_MODE */;
/*!40014 SET FOREIGN_KEY_CHECKS=@OLD_FOREIGN_KEY_CHECKS */;
/*!40014 SET UNIQUE_CHECKS=@OLD_UNIQUE_CHECKS */;
/*!40111 SET SQL_NOTES=@OLD_SQL_NOTES */;
